이름,우편번호,주소,주소상세,전화번호,이메일
김하윤,95396,전라북도 수원시 영통구 잠실로 지하985,서준배김마을 324호,032-579-7091,isanghyeon@example.com
김중수,02887,경상북도 성남시 수정구 영동대95길 534 (영순이마을),영희손빌라 747호,062-131-1798,yeongsigmun@example.net
김광수,39364,인천광역시 마포구 개포882길 784-97,지현박김타워 306호,032-407-2737,yangjihyeon@example.net
장서연,19927,강원도 진천군 삼성거리 599-36 (영미박류마을),민준윤타운 393호,041-796-3383,yeongho69@example.net
서시우,54926,강원도 용인시 언주로 673-83,정웅안유연립 K동 085호,062-507-9280,ogsun88@example.net
장하은,81742,충청남도 당진시 개포3길 226,서영이김타워 788동 843호,061-769-9948,ujin40@example.com
박미영,99809,대전광역시 중구 봉은사길 809 (정수이김면),은서박김타워 443호,018-597-1712,bagyujin@example.org
홍혜진,35006,전라남도 강릉시 가락71가 435-55 (도윤윤면),지혜박마을,044-847-7455,wgang@example.com
이지원,69783,경상북도 김포시 서초대길 987-27,경수박마을,010-9318-8932,yeonggilcoe@example.com
이진우,73661,경상남도 제천시 영동대496길 지하163,영순이타워 829호,016-689-2362,yeji89@example.net
최은경,49639,경상남도 고양시 일산동구 석촌호수47가 664-51,지은윤박빌라 280호,064-750-6657,xbag@example.org
박영미,78965,광주광역시 동대문구 삼성992가 541 (동현김면),예원박연립 508호,033-083-4677,minjun10@example.org
한윤서,51235,대전광역시 강남구 영동대445가 393,도현박김빌라,016-435-8608,jisubin@example.net
김정남,52966,전라남도 의정부시 압구정9길 201-40,서준오타워 S동 457호,054-215-3188,iujin@example.com
김경자,10305,부산광역시 종로구 서초중앙631로 32,우진차마을,010-8937-5053,gwangsu23@example.net
지민서,91626,광주광역시 동작구 삼성120로 800 (서준김김면),성훈권한마을,055-900-4801,sumin13@example.com
곽영숙,67120,서울특별시 관악구 삼성777거리 603-64 (예은김리),경숙이연립 V동 416호,016-389-9157,bagseongjin@example.org
황현지,24865,대구광역시 남구 언주로 46 (예지이동),지영박빌라 068호,063-838-5205,yeongsun03@example.org
강현우,10085,전라북도 계룡시 서초중앙6길 701-34,선영장조타워,053-634-5758,ajo@example.net
이경희,25430,충청남도 부천시 소사구 봉은사5가 지하425 (하윤김읍),주원김연립 721호,041-791-6114,jeongsunhan@example.net
백정호,79619,울산광역시 동작구 도산대거리 549,민준김빌라,053-436-2157,icoe@example.net
박은서,20512,경상남도 용인시 수지구 선릉거리 지하323,민재권빌라,032-175-5404,dgim@example.com
김정숙,46617,울산광역시 송파구 영동대로 239,영자김타운 962호,02-6925-1163,gimgwangsu@example.net
이수진,71999,강원도 성남시 분당구 삼성6가 552 (민서윤김리),지우장윤연립 N동 451호,061-280-0171,anyeongsug@example.net
조은지,06328,경상북도 부천시 삼성023길 672-89 (지훈이리),지우김이빌라 730호,017-085-5000,yunseoyun@example.com
윤유진,21733,세종특별자치시 노원구 잠실593거리 786 (우진김리),현주지이빌라,019-558-6161,jodoyun@example.net
최영미,07503,대구광역시 중구 봉은사7거리 992 (현준양황읍),시우홍최타운 W동 156호,041-707-7228,junyeongjang@example.org
김종수,92380,인천광역시 노원구 학동790로 665-50 (경희이읍),춘자윤김아파트 874호,053-113-8048,sunja06@example.org
박성진,07721,강원도 안성시 서초중앙로 165-18,예진김타운 406호,052-001-7907,jiuheo@example.org
주영희,77977,경기도 수원시 장안구 영동대가 357-20 (경수최박리),상현류김마을 528호,016-233-2789,gweoneunyeong@example.com
강수진,00575,울산광역시 구로구 석촌호수로 454,민지안빌라 123호,052-064-8318,jsong@example.com
윤정자,08305,전라남도 고양시 압구정143거리 18-46 (경숙장홍읍),예원박아파트 387호,053-056-0786,qgim@example.com
김순옥,62133,경상남도 천안시 동남구 영동대거리 903 (승민김김리),미영이이빌라 067호,031-491-2946,ki@example.org
허종수,98292,부산광역시 중구 오금거리 656 (상현김리),현숙홍김타워,018-368-1574,seungmin13@example.org
손영순,52887,충청남도 김포시 역삼95가 지하909,혜진김타워,02-3897-9179,haeuno@example.net
백아름,85706,충청남도 홍천군 삼성길 725-64 (종수백리),하윤안타워 Z동 619호,016-810-9937,jeongsu07@example.org
류수진,48448,제주특별자치도 안양시 동안구 서초중앙0거리 818-81,정호이최타워,011-757-7694,iminseog@example.com
이미영,10058,충청남도 양평군 역삼8거리 지하858,옥순김고마을 881호,063-402-5914,yunminjae@example.com
이경수,33826,경기도 홍천군 학동15로 444 (진호손안동),상훈안김타워,044-248-6527,hyeonjigim@example.org
박상훈,59343,울산광역시 서초구 도산대가 지하97 (영진김동),혜진김김마을 가동 993호,011-485-7989,jungsu70@example.net
김우진,01762,강원도 원주시 도산대39길 627-90,민재정아파트 나동 050호,064-742-8874,iyeji@example.com
김정수,14533,전라북도 천안시 동남구 석촌호수897가 182-82 (수민나이마을),은경고빌라 다동 946호,052-262-3580,yeongili@example.net
서진호,06009,울산광역시 송파구 서초대가 899-44,승현최빌라 M동 971호,032-584-6128,ujingim@example.org
박민지,80292,대전광역시 금천구 개포로 171 (동현손박읍),영미송아파트,031-044-1432,jungsumun@example.com
권민서,15455,인천광역시 은평구 언주70거리 151-78,서준장오타워 D동 129호,061-712-6987,hongyeonghyi@example.com
이미숙,37208,대전광역시 금천구 서초대243로 지하692 (명숙이최마을),상훈심아파트 576호,011-356-0072,rno@example.net
김지현,94315,인천광역시 금천구 역삼로 994 (예준김윤리),성호홍이아파트,016-636-8868,ksin@example.com
유준혁,64279,대구광역시 영등포구 강남대가 147,하윤강최빌라 336호,019-317-8357,ggang@example.org
심상철,40413,서울특별시 동대문구 서초중앙가 923 (주원이동),수민안연립,051-723-3810,simjieun@example.com
황미경,32148,서울특별시 금천구 오금766가 132,숙자김류타워,031-798-8608,caeweonha@example.org
윤영진,75317,대구광역시 동대문구 가락가 767-86 (영숙김리),민석윤아파트,032-109-3532,aha@example.com
이현정,17853,서울특별시 양천구 가락길 164 (민지이읍),진우김김빌라 817동 990호,018-133-7199,jihyegim@example.org
류영환,44344,전라북도 수원시 권선구 영동대로 572 (정희한면),경숙윤타운 810호,052-463-2067,ojeongja@example.org
박정남,83123,대전광역시 중랑구 학동길 772-4,우진곽마을,016-635-4146,lgim@example.org
김선영,86416,대구광역시 강북구 도산대거리 382-58,예진윤이타워 448호,018-077-6405,ygim@example.net
양준혁,73757,대전광역시 강서구 삼성236가 479-71 (민준이마을),종수김연립 가동 523호,051-738-5227,yejin26@example.com
권영자,71397,경상북도 삼척시 서초대8길 375,건우배황마을 62동 234호,044-061-2811,jheo@example.org
박준호,84244,서울특별시 강남구 논현거리 542-39,지원이송아파트 R동 379호,054-834-5493,ijunyeong@example.org
이정남,11317,대구광역시 강서구 양재천가 지하187,정순백김타워,055-134-3620,anboram@example.net
최영숙,17664,대전광역시 광진구 테헤란길 184-12,준서배연립 273호,011-717-6004,gi@example.com
박윤서,55922,광주광역시 서구 잠실거리 389,은정박송아파트,042-443-6967,bagboram@example.com
안영수,32412,대구광역시 강남구 서초중앙82길 861 (영호권마을),현준이황마을 517호,031-390-6757,hyeonjuyun@example.net
이상훈,77141,경기도 양주시 압구정112길 261-54 (옥자김리),순자서유아파트 나동 331호,019-936-5529,namyeongsu@example.org
노민재,45320,충청남도 부천시 소사구 영동대가 지하388,지은박빌라,053-609-7080,hyeonjeongan@example.com
김주원,76385,제주특별자치도 춘천시 역삼로 336-44 (미경김강면),준서이타워 907호,051-987-6505,hbag@example.org
김은경,75055,충청남도 성남시 분당구 가락47가 지하330,예은박아파트 H동 959호,041-133-0780,jiyeong11@example.com
장수민,84042,대전광역시 동구 테헤란9로 770,영일류김연립 H동 874호,018-305-9429,gimyeonggil@example.com
이미정,46395,부산광역시 마포구 강남대790거리 지하656,아름김연립,032-075-1068,eunjiyun@example.net
곽성현,86909,경상남도 태안군 잠실9길 357-92,성진오마을,042-804-9291,yeongsui@example.org
박은정,23619,대전광역시 강북구 논현96로 89 (예준배김면),순옥김마을 578호,070-1616-6985,fgim@example.net
김정남,41937,서울특별시 강동구 역삼로 535 (동현박리),영진이타운 034호,043-309-4170,sangho49@example.com
박영미,50466,제주특별자치도 아산시 석촌호수로 지하96,주원이빌라 007호,02-4816-0599,vi@example.com
권은주,85109,전라남도 용인시 처인구 가락가 866 (영식이서리),영미김홍아파트,018-541-0471,vgweon@example.com
장정웅,95562,대구광역시 광진구 잠실로 772-39 (수빈윤강리),영길이타운 W동 339호,061-264-0921,lbag@example.org
최정숙,65162,광주광역시 서초구 반포대로 285-60 (은정최홍마을),정희허이타운 569호,031-162-9885,yca@example.org
신서영,32677,전라남도 평창군 양재천길 532-78 (은정이김동),동현이아파트 W동 608호,061-816-0579,yunseo27@example.net
오정훈,24454,충청남도 용인시 반포대길 지하134,경자김연립,051-910-8208,jinho71@example.com
이영숙,64619,부산광역시 강북구 봉은사가 지하336 (은지이읍),성민이빌라 626호,033-912-3525,coejeongsig@example.com
김현지,14555,세종특별자치시 영등포구 잠실거리 479,정남이마을,02-3332-4605,gwagseonyeong@example.net
김영환,11706,경상남도 정선군 도산대길 826,민서박빌라,02-8191-6370,yeongho79@example.com
김지민,63943,울산광역시 양천구 선릉73로 371,미영남김타운 794호,019-495-0279,mcoe@example.org
김지민,36057,인천광역시 동대문구 양재천5가 984-83 (지아이오읍),현주김한타워,041-853-3170,gwangsu23@example.org
김지혜,18651,부산광역시 노원구 삼성199가 705-55 (영수김읍),민수윤마을 나동 344호,043-518-6109,jeongnam40@example.org
최지연,25971,울산광역시 은평구 가락거리 567 (숙자김리),서윤박마을 989호,016-029-6650,yeonghyison@example.org
김경희,03711,대구광역시 양천구 개포길 56-27 (현숙지면),준호최연립 832호,061-558-9372,yumiyeong@example.org
한경희,78275,인천광역시 서초구 봉은사49길 997 (시우문최마을),정희오김마을 524호,064-703-1620,seonghyeon73@example.org
한경자,12020,울산광역시 도봉구 영동대86거리 지하824,채원김마을 645호,051-206-1904,gimyeongmi@example.org
박은영,57501,경상북도 수원시 팔달구 테헤란거리 898-57,은주이김아파트,02-8400-9425,nseo@example.org
김영호,24872,전라남도 논산시 봉은사가 524,아름손최타워,055-505-8014,hyeonsug47@example.net
이민지,73948,광주광역시 서구 개포가 675,경수박박타운,010-8930-2162,seongjihu@example.net
강정훈,94261,대전광역시 광진구 오금가 567-28,숙자최아파트,064-740-7094,jaehyeon08@example.net
김은주,95042,충청북도 보령시 잠실433로 288-31,지우성김타워,019-658-2522,geonu10@example.com
김정웅,13072,충청남도 제천시 석촌호수가 732 (우진김리),예원김우연립 A동 908호,011-789-4059,iyeongjin@example.net
김옥순,67312,전라북도 양구군 개포가 768-44,성수황아파트,043-668-1142,eunyeongsong@example.com
남진호,60216,경상북도 보은군 논현860로 51-24 (채원김동),예은김이아파트 Y동 489호,043-349-3086,jihu50@example.org
김영환,28432,강원도 고양시 덕양구 서초중앙9로 390 (성호정면),예원김연립 라동 027호,041-588-6938,seonghun43@example.com
박영환,98126,대구광역시 동작구 강남대20가 541,건우강이빌라 18동 852호,054-241-1939,junseo92@example.net
조승현,61916,세종특별자치시 강동구 논현가 522,병철배최마을,064-727-6000,ijiyeon@example.net
장영자,36769,경상북도 가평군 백제고분거리 832 (민지이장리),명자안타워,064-733-3643,eunseogim@example.com
민서연,49456,경기도 아산시 삼성313길 573-70 (현숙노이마을),영자한빌라 N동 132호,042-492-4769,yejii@example.com
서현지,63511,대전광역시 은평구 반포대8로 120-62 (정훈손리),수민하윤타운 084호,062-663-7334,scoe@example.com
오은주,09815,경상북도 삼척시 봉은사9로 750,성민김타워,011-077-6861,sangho74@example.com
신경숙,61824,충청남도 군포시 백제고분288가 155-76 (경수송이마을),종수최장아파트,031-462-6310,jbag@example.net
김하은,39724,충청북도 평택시 역삼로 143-53,현준차이빌라 다동 026호,054-739-2969,ki@example.org
서상훈,22934,전라북도 용인시 기흥구 선릉65거리 321 (정호김최마을),상호박김타워 910호,064-774-2749,gimseungmin@example.com
성영환,65046,경상북도 수원시 영통구 개포길 28-51,미영김마을,061-018-2364,donghyeono@example.net
김정숙,62251,경상북도 파주시 선릉193로 747 (영환진김읍),예원이문타워 531호,052-006-5340,jinugim@example.org
권경자,19432,경상남도 김포시 역삼길 140-34,혜진오빌라 Y동 377호,032-868-4018,gbag@example.com
김지혜,23311,세종특별자치시 남구 테헤란로 155 (은경홍동),정훈권윤아파트 479호,031-961-0695,cgim@example.org
이진호,17324,부산광역시 강북구 선릉4거리 880 (경희이이읍),지아박아파트,010-7619-4610,tgim@example.com
이상현,77422,울산광역시 강남구 개포093가 471,은서권타운 197호,044-969-1518,ii@example.net
안진호,85714,전라남도 여주시 학동39로 54-68 (건우오박마을),영자이김타운 372호,042-573-7317,jeongsug85@example.net
민예지,77770,서울특별시 중랑구 서초중앙가 133,경숙김연립,061-435-7447,fgim@example.com
이상훈,84970,부산광역시 강북구 강남대85가 585 (옥순고읍),현지배윤빌라,032-494-3051,hyeonji62@example.org
김경희,87236,대구광역시 서초구 역삼가 238 (숙자이박리),미영이빌라,016-258-6302,hgim@example.com
김서준,85406,서울특별시 서구 강남대90가 192 (재호최김읍),성훈이권타운 329호,054-321-2039,gimseojun@example.org
김성수,63537,세종특별자치시 서구 봉은사16길 944 (예준김나읍),종수박박타운 804호,019-848-1832,gimeunjeong@example.org
이준영,59282,세종특별자치시 성동구 테헤란로 98-54,지혜박아파트,061-019-1466,iseongsu@example.org
송민재,32484,제주특별자치도 안산시 단원구 논현거리 지하676 (서현이김면),정숙김황마을 343호,053-013-4174,igyeongsu@example.org
이진호,60546,서울특별시 마포구 봉은사길 28 (정희이읍),수진김아파트 I동 994호,053-163-2214,gjang@example.org
한서윤,72819,인천광역시 강남구 선릉로 136,은경김이타운,063-179-9562,abag@example.org
강성훈,51416,충청남도 정선군 언주로 지하348,시우박마을,019-285-5583,igeonu@example.net
이시우,45673,전라북도 철원군 가락45길 706-61 (옥자최박면),현정김김빌라 691호,042-390-2326,geonugim@example.com
손현우,92636,인천광역시 중구 학동로 132,도현박연립 379호,061-047-7031,gimmigyeong@example.org
박준호,49959,전라남도 구리시 역삼5가 450,예은김연립,055-646-5293,vheo@example.net
강중수,73185,충청남도 과천시 언주가 643,영순김빌라 N동 190호,041-715-5335,jeongsiggim@example.com
김동현,05175,경기도 충주시 오금0가 635,예준조이연립 Q동 924호,041-621-8189,jinhogim@example.net
김정수,60937,울산광역시 중구 테헤란길 537 (유진이김면),승현류한마을,070-1735-9985,jangjeongsug@example.net
홍하윤,18314,경기도 고양시 일산동구 봉은사길 681-70 (영환문읍),영순이김아파트 391호,070-9341-5255,jihyeon23@example.com
김혜진,16771,세종특별자치시 금천구 도산대거리 386,순자박박아파트 H동 288호,064-788-6087,jinui@example.net
김병철,82914,세종특별자치시 동대문구 압구정로 510-72 (재호류리),예진김타워 P동 978호,061-466-3309,jeongnam88@example.com
김예은,64168,경상남도 청주시 흥덕구 테헤란9로 지하358 (승현김이동),혜진이박빌라 124호,041-696-8399,siu93@example.org
남경자,73823,대전광역시 동작구 언주길 679-9,은경최박마을 B동 969호,062-275-2271,eunyeong12@example.org
이성민,28775,대구광역시 성동구 가락로 156-59 (예준김동),영호이서타운,070-5415-0767,gimyujin@example.org
김상훈,89126,강원도 천안시 동남구 서초대거리 417 (지아강동),은정최타운 가동 759호,053-584-0234,seojun52@example.org
이민서,92546,대전광역시 서초구 학동로 897-95,미숙장최타워 256호,011-437-9117,jeongsughan@example.org
박정희,23987,대전광역시 노원구 영동대가 241,현정이타워 K동 818호,051-129-4247,osong@example.com
심하윤,43842,광주광역시 은평구 서초중앙로 617,은서김아파트,055-106-4488,gimjeongnam@example.com
김주원,96022,인천광역시 은평구 강남대384가 57,영숙이마을 A동 645호,052-409-5884,namminji@example.net
한지민,22043,제주특별자치도 연천군 반포대길 270 (수진안김읍),현지김빌라,053-444-1149,kgim@example.com
김은지,20538,울산광역시 중랑구 영동대로 338 (현주손면),영순최빌라 619호,02-4798-6494,zsong@example.org
오은주,67940,서울특별시 금천구 언주거리 194 (영철배김면),성호박최빌라 다동 854호,070-1588-7705,coeseojun@example.org
홍지훈,25237,전라남도 단양군 서초대길 618 (도현황박면),유진장이빌라,052-705-5422,heohaeun@example.com
서승민,81157,세종특별자치시 중랑구 서초대4거리 지하442 (진우이마을),순자이타운,043-117-7817,jgang@example.com
한예지,48824,대전광역시 동대문구 개포106로 지하592 (서윤박박동),옥자김타운,055-365-2127,isanghun@example.org
박성진,88805,울산광역시 성동구 백제고분가 941-20,지은김타워 907호,063-790-3632,jimin13@example.net
이예진,23166,부산광역시 관악구 반포대9로 535,성민홍마을 386호,052-003-5462,minjun13@example.com
구승민,46032,경기도 수원시 권선구 가락5길 868 (순자이이리),현지황아파트,052-273-2083,junhosong@example.org
김성수,91291,전라북도 인제군 언주길 43,지원박김타워 113호,053-329-9910,yeongjin44@example.com
홍성호,00289,대전광역시 중랑구 강남대77길 756,영숙최타운,02-6889-5744,ijuweon@example.com
백영철,34130,경상북도 용인시 선릉로 55 (정웅김동),영길장안아파트,019-576-7249,njeong@example.net
배은영,80779,대전광역시 남구 반포대거리 360,지은이아파트 I동 990호,017-412-9417,wan@example.org
이도윤,84737,경상북도 하남시 강남대83로 75-89,경수최타운,042-004-7788,yeeungim@example.net
김영일,13569,경상북도 의왕시 잠실66거리 26,혜진최고타운,062-828-2378,bagjunho@example.org
박미경,37098,전라남도 서천군 백제고분61길 937-9,영희박김아파트 82동 673호,064-727-5516,sanghojo@example.net
고혜진,20364,세종특별자치시 강남구 언주로 91-88 (지아서이동),지후이타운,062-724-8316,ieunyeong@example.com
박지연,47647,강원도 청주시 흥덕구 테헤란582로 829-79 (정순강김동),지아이아파트 D동 931호,019-650-4235,yeweon25@example.com
양성훈,14989,충청남도 부천시 양재천92거리 13 (민준최박읍),현지안김연립 162호,044-867-2879,jeonghunhong@example.org
유은서,20918,광주광역시 서대문구 백제고분783가 510 (민수지마을),지원권차타워 802호,017-257-6096,ryujieun@example.org
김준서,93155,인천광역시 금천구 가락72길 127,지민김김아파트 B동 592호,019-419-8419,songjunseo@example.org
김민재,74527,대전광역시 중랑구 압구정47거리 495-53 (지민한서마을),경수김박아파트 910호,019-160-9050,jinho72@example.com
이미정,83332,경상북도 고양시 일산서구 논현12가 707-2,병철김타운 I동 475호,043-254-0779,sanghyeongim@example.org
홍수빈,39599,전라남도 청주시 상당구 도산대거리 713-80 (은주박김면),현주이박타운,031-151-7201,jeonghyi13@example.org
김미영,84706,강원도 태백시 강남대길 881,서영손김마을,032-711-4285,yi@example.org
김지민,49571,강원도 수원시 서초대66거리 631 (성현김읍),수민이빌라 585호,019-124-9087,ogsungim@example.com
김영환,82529,세종특별자치시 강북구 도산대거리 972-36,민수윤아파트 370호,02-7410-1740,johaeun@example.org
박경자,98300,충청남도 수원시 팔달구 강남대로 643-69 (민석유박동),지은김타워 038호,043-719-3042,gimseohyeon@example.org
김준호,28637,울산광역시 서대문구 역삼로 762,민서황오연립 703호,061-679-5854,seungmini@example.com
박민준,09457,경기도 용인시 서초대길 647 (준혁문김동),민재문빌라,018-173-0479,yangjieun@example.org
강승민,39387,인천광역시 동대문구 학동길 192-47 (중수김박읍),정훈서이아파트 C동 781호,031-453-8797,jieuni@example.com
박주원,21112,울산광역시 영등포구 개포길 898 (하은이이마을),현정윤이마을,043-523-7758,yeweon70@example.com
양예준,15560,세종특별자치시 은평구 가락154로 564-36,경희안연립 Z동 242호,041-136-5353,hyeonjun90@example.org
박영진,06861,광주광역시 송파구 서초중앙29로 723-78 (민준김최동),성훈김빌라 라동 410호,044-311-7843,vi@example.org
최순자,12342,제주특별자치도 성남시 수정구 서초대85길 654 (정숙구읍),예지김황마을 B동 982호,016-053-3528,di@example.net
김하은,23625,광주광역시 마포구 석촌호수9가 지하830,영길정마을,010-4678-0215,gimsanghun@example.com
홍준서,22291,서울특별시 도봉구 개포8거리 93-77 (중수나동),순옥김손연립 L동 037호,051-852-3067,seonyeonggim@example.net
배지원,18333,광주광역시 용산구 백제고분818길 887-93 (종수서동),예원김빌라,053-367-9836,hongdohyeon@example.net
김정희,27982,대구광역시 중랑구 백제고분495거리 120 (현우김마을),성민김타워 L동 767호,032-202-9298,sanghyeon00@example.net
하민준,91338,강원도 보령시 압구정644로 316-81 (민석배면),성진박심마을,063-578-5122,jihye28@example.org
조지훈,08819,대전광역시 서초구 서초대9길 684-99,아름이연립 U동 365호,016-393-2082,yeongsig36@example.com
최광수,34481,경상북도 부천시 서초중앙3길 256-78 (정식김김동),건우김오빌라 Y동 447호,031-641-2673,jongsuji@example.com
문지은,85071,부산광역시 종로구 언주10가 47-20,승현김장타운,016-665-3110,lhwang@example.org
김영숙,02565,광주광역시 동구 가락길 137,윤서오김연립 O동 699호,018-005-1896,ci@example.org
장재현,18918,경기도 안양시 만안구 서초대83길 329-79 (영식류김동),성현오마을 W동 102호,033-134-3086,qgim@example.net
박도윤,62828,충청북도 고성군 테헤란5거리 332-81 (현우이장면),순자김이아파트 523호,062-233-3662,oi@example.net
김건우,71506,전라북도 영월군 논현90거리 848 (진호장박동),상철최문마을 166호,051-644-9162,yeongminam@example.com
박명자,80977,인천광역시 광진구 압구정거리 952-69,경희한타운,061-712-8539,fson@example.org
이진우,90977,경상남도 고양시 일산서구 강남대879거리 582,숙자박마을 933호,042-128-7732,jinhogim@example.org
김민서,59137,전라북도 수원시 팔달구 영동대길 290-12,민석오김연립,064-732-6227,gimgyeonghyi@example.net
이종수,97499,전라남도 화성시 반포대거리 326,광수배배아파트 H동 793호,010-3954-3522,ybag@example.org
김예준,57825,전라북도 군포시 영동대7거리 938-45,영길서김마을 186호,054-797-1480,jeonghunson@example.net
김정식,05504,대전광역시 강북구 학동길 779-21,중수김연립 905호,032-911-4728,mgweon@example.org
임도현,67957,대구광역시 영등포구 삼성805길 727,채원이박아파트 마동 472호,043-158-6367,hgang@example.org
강영철,09585,대전광역시 광진구 학동가 106,정호김류마을,032-557-3451,ancaeweon@example.com
윤현정,89821,부산광역시 동구 서초중앙10가 952 (수민임면),영진김김빌라,016-640-4963,ti@example.net
박병철,29368,충청남도 과천시 도산대로 747 (영철박김동),정웅박곽아파트 655호,032-526-9870,misug48@example.com
김지후,71913,전라남도 예산군 역삼10로 769,재호류타워,033-218-0731,vi@example.net
김영수,64631,대구광역시 강서구 봉은사908로 지하33 (성훈김리),영철김타운 920호,061-609-2070,jinugim@example.net
서선영,38349,부산광역시 마포구 석촌호수85로 531-6,영숙서김타워 351호,016-762-6224,jeongsugweon@example.org
박지연,19905,대전광역시 노원구 양재천6거리 지하774 (성진이마을),정웅이마을 827동 463호,02-6105-1948,bgim@example.org
문미숙,38879,부산광역시 강북구 테헤란536가 501 (정호김마을),종수서연립 429호,043-242-9897,jongsugim@example.org
김재호,16149,울산광역시 은평구 강남대가 440-20,승현나이아파트 249호,042-655-6041,imiyeong@example.org
김도현,79456,부산광역시 서구 석촌호수가 631,준서이성타워 913호,061-877-1877,cunja86@example.com
장성민,05617,경상북도 안양시 만안구 역삼9길 992,정수이박아파트 524호,044-581-1197,gimyeongmi@example.org
김민준,07623,인천광역시 종로구 도산대176로 233,경자오문타운,018-444-1527,jihun38@example.com
윤종수,43407,충청북도 증평군 강남대0로 971 (현지배리),상현박타워 K동 326호,062-787-6275,seoyeonju@example.net
주병철,25716,경상북도 태백시 서초중앙가 지하39,성수오타운,010-5537-3290,miyeongi@example.com
박영식,43962,전라북도 부천시 소사구 선릉길 12,선영박빌라,053-476-5908,yeongjagang@example.org
강민재,13454,경상남도 포천시 강남대238로 854,상현박권아파트 448호,061-413-6669,hwangareum@example.org
김은주,15046,대전광역시 영등포구 논현가 723 (민석김김면),건우김장연립,054-117-1198,zgim@example.com
김성호,49853,세종특별자치시 강북구 잠실250가 535 (정희황박동),서영김연립 391호,017-499-5253,bagjiu@example.com
최재호,59749,인천광역시 은평구 압구정가 904 (지아이면),중수김노마을 가동 452호,070-1789-1982,qcoe@example.net
김성훈,86232,강원도 당진시 가락4길 117 (정남우류리),예원최아파트 537호,051-998-8198,eunju43@example.org
박지훈,54881,충청북도 부천시 소사구 논현5거리 926 (경희최김마을),영식진박타운 G동 180호,054-344-4094,byeongceolryu@example.org
최영식,57414,전라남도 과천시 논현913가 937,하은박김마을 561호,062-870-0667,ssin@example.com
이병철,64546,강원도 양주시 테헤란016로 479,정웅이마을 846호,041-060-9738,sgim@example.net
이정순,63852,부산광역시 서초구 도산대거리 266-20 (경희김면),채원우김마을 178호,064-706-5011,seohyeon96@example.net
김시우,82031,전라남도 영월군 언주거리 177,혜진윤아파트,02-0656-0444,minsu23@example.com
박현주,98956,경상남도 청양군 삼성588거리 982-67,영순이이연립 H동 715호,017-294-8955,yunhyeonju@example.org
손지후,36866,경상남도 용인시 학동188가 271,상현이이타워,051-485-1329,jgim@example.net
양재현,16091,전라북도 천안시 서북구 삼성51거리 지하161 (영순김이면),성수이서마을 477호,042-131-1480,gimseojun@example.com
노지훈,14360,충청남도 청주시 상당구 백제고분길 468-5 (순자손이읍),영호김김타운 673호,031-321-1428,juweon92@example.net
이채원,41648,충청북도 진천군 학동거리 841-58,준영이박타워 326호,019-649-5228,boramhwang@example.org
황민준,45775,충청북도 시흥시 영동대로 736,정자고아파트,044-027-9051,oson@example.org
손춘자,37747,울산광역시 서구 봉은사가 435,정웅김타운 470호,02-7715-2489,bagjeongho@example.net
황성민,21176,대전광역시 남구 테헤란972길 528-63 (준혁이김리),하은김오타워 X동 548호,010-5863-6488,gimjongsu@example.com
장재현,49254,전라북도 보령시 테헤란길 162-88,지혜장아파트 C동 101호,019-000-7621,fo@example.net
한병철,84416,제주특별자치도 동해시 선릉로 549 (예은류면),상호권박아파트 061호,063-363-5734,vyu@example.net
허현지,57960,대구광역시 은평구 잠실길 36-84 (은주김최읍),현정김박아파트,032-322-6433,gimseoyeon@example.com
최정순,66524,경상북도 수원시 장안구 양재천6길 428,미숙주이타워,019-803-0374,icaeweon@example.org
박정희,44514,부산광역시 동대문구 양재천가 307 (서현장김마을),영길김타워 W동 069호,02-4468-6667,coejihye@example.com
박성진,14602,부산광역시 도봉구 역삼가 916,정희이신타운 P동 073호,033-535-0715,byeongceolcoe@example.com
김예지,68453,서울특별시 광진구 가락280거리 870,수빈권이마을 597호,033-345-5194,jiyeongcoe@example.net
주지훈,72946,경기도 안산시 개포4가 717,준영홍연립 934호,052-543-6670,minsubag@example.com
강상훈,72819,제주특별자치도 남양주시 삼성거리 77-55,영희이박타워 R동 950호,063-607-6083,iyeongho@example.net
이춘자,89610,대전광역시 광진구 테헤란거리 691-21 (수빈김김마을),서윤김김연립,010-7230-0521,yeonghyi48@example.org
이숙자,75902,전라남도 홍천군 도산대86로 954-7,승현송빌라 M동 418호,031-140-3537,eunjison@example.org
송정훈,63660,광주광역시 도봉구 강남대거리 620 (성진김읍),민석배하타운 C동 984호,055-152-1134,eu@example.net
김정웅,78876,광주광역시 서구 논현로 지하79,성수조양타워 H동 110호,061-498-6878,jiweongim@example.net
민숙자,58296,경상남도 양주시 언주04로 894-23,은주문윤아파트 796호,064-746-1893,jihyeongim@example.org
김성민,22747,광주광역시 강북구 영동대2로 472,은지구연립,019-682-2987,yunjeonghyi@example.org
김영수,84397,충청남도 화성시 석촌호수로 441 (순자윤마을),준호김연립 273호,043-529-7183,yejun08@example.net
이성현,87294,대구광역시 강남구 선릉28거리 148 (지아박면),성현김김타워 마동 066호,042-030-2420,jeongsu69@example.net
박정호,27837,제주특별자치도 괴산군 삼성가 324,현지백연립,051-333-7571,coecunja@example.org
김성훈,42395,서울특별시 강북구 오금길 174-62,준혁박이연립 라동 226호,063-230-9957,zi@example.org
박현지,61494,전라북도 동해시 봉은사거리 541 (지훈김읍),상호박빌라,070-3757-4555,cjo@example.com
김영철,69478,울산광역시 북구 백제고분548로 936-43 (영일김동),영환김아파트 Y동 152호,062-449-0302,kgim@example.net
김지아,65488,부산광역시 관악구 학동로 11-54,채원강마을 N동 963호,018-466-3861,ijunyeong@example.com
이예준,30264,충청남도 안양시 만안구 논현68가 242 (영수이읍),보람고김빌라 238호,043-139-6197,jongsu92@example.net
정미영,03886,충청북도 춘천시 테헤란2로 185-40,종수이김마을 B동 440호,063-155-1898,eunjeong15@example.net
김미숙,52196,경상북도 고양시 일산동구 학동53길 626-19,시우황타운 X동 329호,064-741-1184,sanghyeoni@example.net
강은주,78365,부산광역시 광진구 봉은사길 696-41 (영길우면),민수박빌라 785호,064-717-0503,yangdohyeon@example.net
허성훈,74746,대구광역시 금천구 언주길 918-61 (상현이리),건우이장빌라,016-054-1009,seoyunna@example.org
고병철,63188,대전광역시 마포구 영동대가 205-38 (정웅김면),미영이마을,062-226-2459,sanghun05@example.com
김하은,65011,세종특별자치시 동구 오금81로 400-23 (지아권서리),은지박김마을 M동 249호,031-046-0488,seohyeon38@example.com
이지훈,96564,전라북도 성남시 중원구 언주로 896-55,영숙윤타워 307호,063-319-5791,yeonghwangim@example.com
이정희,54488,부산광역시 동구 학동로 71-67 (정수서면),현우손최빌라 R동 761호,042-785-7243,gi@example.com
이영호,29119,서울특별시 도봉구 서초중앙가 334 (미경이리),상훈강김연립 354호,02-2281-4709,jhong@example.org
류영순,82414,대전광역시 동대문구 학동7로 지하627 (진우남김면),지은한타워 I동 994호,062-358-6962,bagjunseo@example.org
이미숙,68327,서울특별시 강서구 압구정거리 529-77,성진홍타운 373호,033-527-8592,hyeonjun93@example.org
박진우,12132,세종특별자치시 북구 선릉6거리 655,건우문남타운 607호,052-549-4486,ni@example.com
김승현,03916,강원도 당진시 잠실28가 440 (상호김동),경수김연립 X동 459호,033-263-9664,iyeongceol@example.org
윤영식,29520,전라남도 광명시 석촌호수길 775-39 (정호홍읍),은서김아파트,043-270-7703,tgo@example.com
김숙자,58830,제주특별자치도 의왕시 압구정로 472-83 (경수최리),현정문타운 M동 106호,032-472-8300,sumin65@example.net
성영진,81092,전라남도 예산군 잠실길 764-54,예진김박마을 984호,031-644-3685,minsui@example.net
김성현,76316,울산광역시 북구 영동대305길 258-80,민서이빌라 041호,017-864-9162,rseo@example.com
심정훈,28375,전라남도 부천시 오정구 압구정로 704-31,상호송타워,011-678-3296,seongogja@example.com
윤보람,27180,대전광역시 구로구 언주길 514-26 (혜진김최마을),지후류김타워 B동 129호,051-016-8325,seongsugim@example.net
김은경,25995,부산광역시 서대문구 양재천2가 224 (성호김백마을),수민이아파트 C동 563호,042-245-4420,lgim@example.net
이동현,32190,울산광역시 강북구 가락거리 715-61 (은영문리),영진이황마을 419호,054-344-8792,jeonghogang@example.com
이정호,77362,대구광역시 노원구 압구정로 786,정자이문마을 245호,064-707-0212,gimseonghyeon@example.org
김진호,84852,경기도 성남시 분당구 도산대가 212-39,중수홍민연립 620호,043-735-4876,qbae@example.org
박성진,05464,서울특별시 강동구 압구정136길 129-97 (지혜안읍),옥순오이마을 035호,011-760-3387,gimmiyeong@example.com
나준호,19628,충청북도 부천시 소사구 오금가 623-49 (지혜차김면),승민박이마을 143호,016-396-1408,yejinhwang@example.org
권정호,84207,경기도 원주시 석촌호수87로 522,은영윤김아파트 999호,010-0656-0580,igyeongsu@example.org
노정수,89100,제주특별자치도 홍천군 선릉46거리 951 (도윤전면),지우김빌라 677호,042-020-9184,junseo85@example.org
박영길,92280,대전광역시 금천구 언주거리 935,우진장타운,019-298-0997,yeongsun40@example.org
이광수,92959,인천광역시 영등포구 선릉245로 491-12,정순김마을 A동 348호,052-792-4797,hyejin52@example.com
한지영,87418,대전광역시 성북구 가락길 지하10 (서윤박김리),지현송김타워 J동 832호,031-621-7461,jihun03@example.com
주진우,05990,충청남도 철원군 압구정875로 10 (혜진김리),수빈이김연립 H동 722호,032-620-7889,bgim@example.com
박은정,20673,충청북도 남양주시 오금거리 400-6 (현정최김리),지아김박타운 455호,018-973-3140,seongho04@example.com
백성호,46464,제주특별자치도 고양시 잠실길 지하649,서영손빌라 J동 067호,016-038-5393,gimjunhyeog@example.org
박주원,39340,제주특별자치도 단양군 압구정427가 444-62,민수김김연립 240호,032-094-9650,jieun46@example.org
김건우,31162,대전광역시 강남구 강남대70로 28 (정훈송리),민서이아파트 030호,018-165-6933,gimeunjeong@example.net
김성훈,80899,울산광역시 성북구 역삼732길 302 (지원김동),춘자박타운 U동 018호,043-136-6046,minjigim@example.com
김민준,61397,부산광역시 금천구 역삼773거리 853 (옥순김면),채원이빌라,063-377-5807,gangjeongsu@example.com
윤미영,45630,강원도 고양시 일산동구 잠실로 553,지원유아파트,053-516-7071,jeonghyiseo@example.com
김성호,80701,부산광역시 도봉구 봉은사958길 지하415,옥자김구빌라 V동 799호,019-151-8023,sangceol35@example.net
곽지민,58457,부산광역시 동구 삼성169길 481-83 (채원송동),현준강타워 912호,063-085-0733,coeseoyun@example.net
강아름,92304,경상남도 동두천시 서초대0로 지하320,예은오이아파트 154호,044-107-5273,junhoi@example.net
강현우,96961,충청북도 삼척시 서초대가 지하151 (현정손리),광수이아파트 015호,061-635-9898,mi@example.com
김미숙,76164,강원도 속초시 서초대거리 458-87 (영환권동),옥자최빌라,051-664-0443,ryuyeji@example.com
이영길,73365,대구광역시 마포구 언주698거리 934,경숙이마을,053-357-3934,iareum@example.net
안옥자,08976,세종특별자치시 강서구 학동거리 619,서준김아파트,018-972-2578,miyeong36@example.net
이성현,70617,울산광역시 관악구 역삼로 516-21 (동현김장마을),예준이타워 026호,02-9973-2426,hgim@example.net
김민준,17559,대전광역시 강동구 봉은사거리 718,도윤이타워 T동 585호,054-648-4798,sanghyeongweon@example.org
허은경,90470,대구광역시 북구 잠실로 543-78 (승민김서리),현준김아파트,019-284-7400,ljeong@example.org
김옥자,17842,울산광역시 동구 역삼6거리 198-73,승민이박연립 452호,062-597-9599,jbag@example.net
손성훈,48762,전라북도 연천군 개포36길 155,명숙박김타워 855호,031-519-8419,namjihyeon@example.org
백시우,09168,전라남도 용인시 기흥구 양재천8거리 248-3 (지아안주마을),상훈오최빌라,055-954-3827,seonghyeon89@example.com
이건우,13783,울산광역시 성북구 도산대거리 지하812 (선영김노면),영희류김아파트,070-5712-6981,hi@example.net
이진우,77357,충청북도 안산시 단원구 석촌호수가 569 (정남이읍),명숙박빌라 700호,041-603-3051,gimsumin@example.net
노현우,22410,강원도 김포시 잠실277길 754-93,영호김홍빌라,063-692-7828,ihyeonji@example.org
서현숙,65799,울산광역시 강동구 백제고분1길 614 (영미지고동),은영허강빌라 C동 869호,044-409-8951,areumi@example.org
송성수,56605,광주광역시 중구 선릉17가 952 (영순오오리),민지김최아파트 558호,032-748-3211,heogwangsu@example.com
이춘자,82270,전라북도 이천시 학동422로 907 (정숙양면),영수장이아파트 N동 109호,011-834-0401,goseonghyeon@example.net
김민재,21037,광주광역시 동대문구 언주26거리 879-19,채원최박마을,064-789-1165,idonghyeon@example.com
김정훈,02033,충청남도 성남시 수정구 선릉722거리 380 (준혁송동),지후황김타운,02-0688-0647,jgim@example.com
황정숙,06909,서울특별시 중랑구 도산대95가 963,예준이박아파트 141호,055-719-1163,idohyeon@example.net
이승현,58701,강원도 삼척시 도산대052거리 61-41 (현주김최마을),현정심김연립,032-386-5104,ijihu@example.com
김서현,57183,경상북도 부천시 소사구 가락756로 418,지후강마을,033-427-7785,gimseungmin@example.com
최지우,18314,인천광역시 금천구 서초중앙가 121,현숙우아파트 563호,064-769-6165,li@example.com
안순옥,51413,대구광역시 성북구 논현가 414 (서영최동),성수이손연립 Z동 243호,018-331-8714,hyeonui@example.net
이성현,59608,충청남도 서산시 가락69길 145,서윤황연립 190호,054-111-4462,abaeg@example.org
최지아,05181,강원도 아산시 역삼7가 113 (옥순차리),선영이류타운 U동 941호,010-9957-6422,simsumin@example.org
조지현,45471,서울특별시 강동구 반포대381거리 554,서영하타워,010-5437-5824,junyeong98@example.net
최민준,32555,광주광역시 구로구 개포849가 846-15,경수오이타워 마동 641호,044-617-5466,gangyeongjin@example.com
문아름,11978,전라남도 수원시 장안구 선릉354거리 540-17 (동현박동),재호황타워 258호,02-5032-8039,vi@example.com
최동현,57323,전라남도 태백시 석촌호수03로 101,준서이황타운,043-761-9880,hyeonji29@example.net
김서연,36725,충청남도 용인시 처인구 백제고분길 667 (경수장동),경숙박김아파트,031-098-7664,baeyeongsu@example.net
홍유진,39082,경기도 평택시 백제고분로 767,은정김조타운,063-724-1236,seonyeongbaeg@example.net
이미경,99889,인천광역시 서대문구 개포5길 404 (현주유김리),보람최타워 555호,019-439-7211,gwangsueom@example.net
이영호,74787,대구광역시 서구 가락길 107-13 (현주최송동),영길김김타운,016-531-8978,gimujin@example.org
장승민,37066,강원도 오산시 오금04길 603,하은김타워 471호,070-9559-5336,iseongjin@example.org
이영호,09848,경상남도 태안군 가락6로 648,중수이타운 584호,063-360-0901,ujin01@example.net
허은영,28610,울산광역시 중구 서초대로 202-92,승현이이타워 175호,051-891-4223,vi@example.org
최은지,39545,울산광역시 영등포구 압구정로 389-74 (지우최고리),선영백타워 A동 097호,062-676-8326,ogsunseong@example.org
류광수,74940,전라북도 여주시 압구정202로 328 (동현김리),정식홍김타워 마동 473호,054-789-5331,zmun@example.com
김상호,49384,충청남도 태안군 압구정거리 837-92,영순민타워,070-3640-9540,gwangsu36@example.net
문영수,17377,충청남도 서산시 압구정길 453,민지성타운,032-706-0685,hyeonsug36@example.com
문혜진,13589,전라남도 동두천시 백제고분08로 939,영호김홍타운,031-501-4378,gimogsun@example.net
박현우,41228,대전광역시 강남구 강남대026가 613-58,준혁문타워 P동 115호,011-371-7871,migyeong99@example.org
손예진,53738,강원도 천안시 동남구 선릉2거리 937,경자김이아파트 269호,061-811-4241,yeonghwan43@example.com
김준호,42358,인천광역시 중구 서초대10로 704 (민준김동),예원류이빌라 W동 295호,017-983-6426,bagyujin@example.org
이지혜,14571,울산광역시 중구 영동대거리 752-17,도윤이연립 570호,011-332-7929,gimhyeonjun@example.net
윤지아,22895,경상남도 천안시 서북구 압구정길 305 (유진김김리),영진서윤아파트,052-201-5090,ijongsu@example.com
장지혜,78242,충청북도 서천군 언주로 69-27,혜진이박연립,042-178-9563,munsanghyeon@example.com
이영호,66919,제주특별자치도 증평군 영동대49가 66 (서연김이면),정호김연립 Z동 970호,070-6909-1434,gimminseog@example.net
신준혁,25780,제주특별자치도 성남시 중원구 도산대거리 777 (정순장허리),미영백이빌라,018-358-4435,gimgyeongja@example.net
이시우,70607,대전광역시 동구 삼성가 559-78,은지이타운 722호,018-060-8448,jaehyeon71@example.com
진유진,95541,대구광역시 광진구 백제고분로 169-8 (옥순강마을),서준이타운,019-915-3043,jeongja75@example.net
김예은,50111,서울특별시 서대문구 양재천가 지하844 (정훈최안마을),정자이김타운 다동 222호,031-436-4726,ncoe@example.com
조지후,97337,전라북도 부천시 소사구 논현74로 964 (영수정강마을),현정김이연립,053-300-7547,seongjin11@example.org
박동현,82473,인천광역시 종로구 오금7가 지하16,지연김타워,031-987-8373,gangseojun@example.com
최미숙,13042,전라남도 청주시 상당구 역삼가 409-50 (준호윤백마을),민재윤아파트 U동 607호,061-273-2256,qno@example.net
김우진,58774,광주광역시 북구 언주926가 545,정호강빌라 600호,043-509-3672,wi@example.net
황상현,43555,인천광역시 성동구 오금가 754-5,동현김양타운,041-259-1654,yunseo46@example.org
안우진,52167,경상남도 동두천시 잠실4가 589 (은경박이마을),우진홍이연립 758호,016-387-1903,jeongung16@example.com
김아름,86226,부산광역시 마포구 테헤란15거리 984,명자주박연립 000호,019-242-5566,jiahan@example.com
이영길,65209,울산광역시 양천구 강남대길 796,성진김권타운 589동 246호,032-932-5888,gimujin@example.com
박서윤,99308,울산광역시 구로구 도산대93길 711-87 (은경이리),시우김김아파트 451호,02-4136-9466,junyeong14@example.org
최정자,18064,인천광역시 강서구 압구정134가 312,현우정마을 S동 964호,061-983-5603,gimyeonggil@example.net
이영길,65232,울산광역시 은평구 삼성987거리 901-17,순옥김마을 R동 172호,054-643-3950,areum46@example.org
김지영,48114,울산광역시 마포구 개포거리 198,지우이이연립 Z동 773호,043-995-0216,jiyeongyu@example.org
권영철,43464,강원도 아산시 언주787거리 496-78,재현문마을 J동 176호,054-014-0626,seongho53@example.org
박정훈,56299,강원도 인제군 가락742거리 835-72 (영철한면),경자윤장아파트 다동 962호,051-394-8579,juweonhwang@example.org
이영호,73299,광주광역시 강남구 개포09로 115 (예원김박리),미숙류윤연립,031-801-2077,gusangceol@example.com
양지아,04730,대구광역시 서구 논현1로 950,영순박이타운 N동 841호,033-771-8846,jeonghun00@example.com
김지훈,36517,세종특별자치시 강북구 학동길 590,숙자박타워,063-366-0976,tsong@example.com
김건우,66103,세종특별자치시 광진구 압구정94가 143-52,은정이김타워,010-3516-8177,qgim@example.com
김순옥,41511,울산광역시 강서구 양재천거리 218-71 (은지김윤읍),서준김타운,017-646-7511,yunyeeun@example.org
최옥자,32151,전라북도 구리시 서초대길 333,현정김이빌라,041-382-1399,sanghyeon26@example.net
양준호,93332,서울특별시 금천구 개포길 694 (명자오손읍),미경양타워 G동 252호,062-958-6636,jimin43@example.com
김미정,28666,경상남도 의정부시 가락71거리 165,성민강김타운,052-214-9504,jeonghyi41@example.com
김우진,51963,경기도 군포시 오금거리 지하218,건우이타운 997호,061-346-2482,siusong@example.com
김미숙,87766,충청북도 성남시 중원구 언주24길 452,서연박연립 850호,043-858-4943,yeonghyi60@example.net
박수진,53045,대전광역시 동구 오금가 299,영숙나이타워,019-304-5411,udonghyeon@example.org
박주원,42628,경상북도 고양시 논현3길 지하83,수빈박박타운 Q동 656호,044-478-9845,hyeonujo@example.net
김정식,23625,전라북도 태백시 봉은사가 318-53 (성현고박동),병철김빌라 P동 722호,070-0697-9821,dohyeoni@example.org
하주원,41947,경기도 제천시 가락788길 660 (정순김동),정남박아파트 924호,053-659-9080,yunsubin@example.org
김서윤,42694,대구광역시 마포구 서초대가 309-7,경자김연립 585호,063-338-5180,caeweonbag@example.com
황보람,48752,대전광역시 금천구 논현가 391-29 (정수이구리),도현박타워 174호,063-727-5996,jiweonsin@example.com
박지후,21776,인천광역시 서구 오금4가 943-10 (진호강김동),춘자이이빌라 245호,062-966-8247,sanghun00@example.com
손재호,64794,경기도 안양시 동안구 언주길 234-29,민수박마을,061-227-9924,songeunju@example.com
곽영자,89053,대구광역시 북구 오금01로 지하955,준혁강김아파트 112호,053-680-3641,wgang@example.net
박진호,27873,경상남도 동두천시 학동9거리 129 (지민조이마을),정순이타운,055-399-3581,baeseoyeon@example.net
김동현,82041,강원도 홍성군 봉은사9가 426 (지연문동),상철우타운 C동 596호,016-900-5211,ri@example.com
김성훈,18214,경상북도 용인시 오금48로 161,정식류마을 813호,019-870-1575,ijihu@example.com
김보람,10652,경상남도 증평군 역삼로 575-96 (숙자이읍),은영고마을,017-467-0133,coeeunyeong@example.com
윤지훈,68503,세종특별자치시 남구 가락29로 202-55,영식장박마을 S동 723호,051-220-3932,gimogsun@example.org
이성수,69238,경상북도 홍성군 양재천가 914 (예준백면),현준이빌라,043-536-2807,sanghunsim@example.org
황현정,69631,충청남도 고양시 일산동구 삼성8로 714 (병철김강리),준영이연립,018-883-4403,gimjaeho@example.com
최은정,76997,인천광역시 중랑구 언주72길 481 (혜진김면),아름김최타워 X동 483호,033-913-6723,qyun@example.com
이상철,79450,강원도 성남시 분당구 논현가 727 (준호박리),예은최타운,063-398-1900,vgim@example.net
최은경,48901,울산광역시 강남구 석촌호수219거리 167-66 (하윤김마을),서연박타워,033-141-6132,anmijeong@example.org
윤성수,73626,세종특별자치시 성동구 가락4거리 820-97 (승민김이마을),순옥박타운,051-647-1082,yeweon46@example.org
강정숙,08116,울산광역시 송파구 강남대7거리 800,지우박아파트,062-494-8003,osong@example.org
안지은,41388,대구광역시 마포구 언주1가 지하399 (예진허읍),미정허이빌라 가동 668호,02-9440-1054,gimjieun@example.com
이성호,40588,대전광역시 서초구 서초중앙9길 지하861 (윤서김면),준영이홍타운 K동 980호,062-276-3078,ogsun20@example.net
백중수,97880,경기도 부천시 원미구 테헤란가 244,민재이오빌라 134호,044-075-6949,gimgyeongja@example.com
이영희,82506,대전광역시 서구 가락39거리 32,미숙김이아파트 C동 678호,044-343-6960,minjaeca@example.net
이영길,24231,부산광역시 영등포구 압구정로 274,현주권타운,043-776-9063,yeonghyiseo@example.net
김예은,01951,제주특별자치도 안양시 동안구 영동대로 지하472 (정자김남읍),서현김빌라 150호,043-516-7672,gimhaeun@example.net
이성현,50519,대구광역시 도봉구 언주가 902-79 (예지황이마을),서현배곽빌라,054-164-9452,seongjingim@example.com
박시우,47142,충청남도 오산시 테헤란695길 지하980 (유진서읍),하윤김타워,042-664-6929,bagyeongho@example.com
이상철,27547,울산광역시 서초구 서초중앙가 836-5,경자이마을,063-599-7046,yunyeongil@example.org
김은지,98002,서울특별시 서초구 잠실길 213,미경최타워 503호,054-102-7819,jaehyeon43@example.net
김서윤,26279,인천광역시 중랑구 양재천길 186,정웅이아파트 F동 041호,033-931-8684,gyeongsugi@example.com
김영미,84690,광주광역시 은평구 가락03가 152 (지은김김마을),예지나윤빌라 092호,031-119-5260,seosangceol@example.net
김정남,74726,제주특별자치도 연천군 테헤란길 509,지훈김연립,052-684-6714,seonyeong31@example.com
이준호,42539,경기도 포천시 영동대로 112,서영최이연립,063-505-2816,ujincoe@example.com
김종수,12521,전라남도 횡성군 영동대662길 667-94 (진우김마을),숙자김마을,054-346-3858,seongminbag@example.com
김영환,97187,경상북도 천안시 동남구 오금06로 806-9 (성호양배리),민재박이빌라 677호,031-040-9452,jijunhyeog@example.org
김정숙,84185,제주특별자치도 안양시 동안구 개포7길 629 (진우이동),윤서김김빌라 589호,02-3635-2814,gimsunja@example.com
문서연,97715,경상북도 충주시 서초대길 144,수진오연립,02-6332-7270,hyeonsugi@example.org
이영숙,82792,충청남도 보은군 압구정거리 798,서윤김빌라 Z동 075호,044-136-2589,bagseohyeon@example.com
노서윤,75924,경기도 인제군 선릉73길 841,영희김아파트 N동 418호,02-2182-0770,sunogi@example.org
박경자,54037,서울특별시 금천구 선릉6로 358,승민이김아파트 032호,033-185-4173,minjigweon@example.org
강정수,34855,세종특별자치시 은평구 역삼6거리 186 (성훈강동),은서이마을 L동 274호,011-857-9375,junhyeogi@example.org
이정희,08771,울산광역시 노원구 도산대로 471-78 (하윤김리),영철김타워 X동 848호,043-761-1611,seungmingim@example.net
이영수,75651,세종특별자치시 강서구 백제고분로 지하131 (도윤이면),예준최연립 L동 861호,043-813-8621,sanghoseo@example.net
김지원,43053,경상남도 안양시 언주길 636-83,지혜이김마을,02-7601-7715,qgim@example.org
엄상철,34359,경상북도 안산시 서초대735거리 744,지영허타워 491호,054-531-6463,anhyeonsug@example.org
한민수,91649,광주광역시 노원구 서초중앙812거리 553 (미영강문면),영희권김마을 T동 676호,053-765-7895,ai@example.net
김지혜,88265,울산광역시 구로구 서초대가 766-76 (지연김이읍),순옥김안빌라,011-886-7887,gimseoyun@example.net
황지혜,47589,부산광역시 양천구 양재천4가 810-42,정자박타워 X동 984호,033-414-8706,sunja94@example.org
박영길,16009,광주광역시 강남구 오금635로 617-42,준영김연립 425호,032-676-2777,hyeonji92@example.com
나서윤,48385,서울특별시 성동구 오금239길 609,지우안김빌라 687호,016-359-1597,hwanghyeonji@example.org
남정자,67638,경기도 의정부시 영동대861가 지하940 (도현송백면),미숙엄빌라,054-670-0530,dhan@example.net
김영미,79090,제주특별자치도 군포시 테헤란430가 402,숙자박아파트 Q동 494호,043-004-7849,bagareum@example.com
이종수,10743,부산광역시 구로구 오금64길 966-19,정식김마을 296호,042-406-7210,ryun@example.com
오민석,14989,대전광역시 금천구 학동35가 403 (정희윤읍),지아박류연립 K동 362호,033-724-9770,gojeongho@example.org
안은서,38763,대전광역시 강북구 개포20거리 566,정숙강타운,044-735-2242,sunog68@example.org
이주원,01772,경기도 용인시 기흥구 도산대거리 224 (민지이문마을),아름최오연립,052-740-0553,songhayun@example.com
서정호,18918,인천광역시 성북구 도산대355길 666 (승현김면),영식이진타운 F동 812호,044-450-3721,rgim@example.net
김경희,66807,울산광역시 도봉구 논현67가 520-70 (진우김이동),예지김심빌라,019-490-7644,yeongceolbag@example.net
김현숙,86295,전라북도 여주시 서초중앙길 475 (은정강마을),시우김타워 226호,052-861-6091,jeongho79@example.net
이정자,94808,광주광역시 서초구 봉은사로 942-4 (미숙윤윤읍),정숙김최연립 다동 364호,019-364-4346,donghyeonbaeg@example.org
홍미영,03520,전라남도 보령시 오금751거리 262,은경김연립 J동 881호,010-0311-4878,sanghyeon06@example.net
최서준,13467,대구광역시 서초구 잠실56가 973 (수진최마을),성훈윤김마을,052-164-4900,ri@example.net
하은지,78032,울산광역시 서초구 강남대길 102,하은조김마을 812호,018-936-3656,xi@example.com
이서현,44423,강원도 삼척시 삼성005가 257 (성민김박동),경희문빌라,054-298-1213,jeonghogim@example.com
최상철,79145,울산광역시 성북구 역삼43거리 459-77,옥자김타워 649호,053-183-4077,sonsanghyeon@example.com
박보람,32012,충청북도 태백시 강남대로 742,정훈홍신타워 나동 041호,041-623-3589,geonu95@example.org
박경숙,92467,강원도 충주시 양재천가 440-73,정수이아파트 340동 769호,033-152-8975,xcoe@example.org
김미숙,24041,인천광역시 용산구 잠실가 642,은경정타운,052-417-3099,ebag@example.net
이지후,18806,제주특별자치도 철원군 반포대46거리 71,정숙성마을 A동 021호,043-509-9669,jeongnam89@example.com
우현주,08842,전라남도 오산시 논현가 682 (주원최이마을),서현박아파트,033-699-7935,hyeonjiyun@example.org
권은경,80731,전라남도 부천시 언주길 830-65 (지후김송동),숙자김엄연립 491호,043-454-3770,mgang@example.com
강주원,69803,광주광역시 성동구 삼성로 543-90 (진우허박동),현숙김김연립,063-716-2579,yeongsig47@example.org
이영숙,48124,부산광역시 중구 강남대31거리 217-75,준서박타운,052-107-9550,jimincoe@example.com
이민수,98978,경상북도 안양시 동안구 삼성463로 526,은지윤빌라 439호,010-8564-8445,fgim@example.org
권상훈,04507,서울특별시 은평구 삼성6거리 136-24 (옥순김동),예진우이연립 290호,061-186-2420,jeonghyi60@example.net
이서연,52961,충청북도 성남시 분당구 논현563로 886-42 (선영이박동),정수강이아파트,064-752-9666,gimjeongung@example.net
이예준,58246,인천광역시 은평구 언주로 802-4 (윤서이읍),순옥손김마을 S동 029호,064-771-8972,ygim@example.net
오하윤,29120,충청남도 양구군 잠실거리 112,은정장홍연립 086호,018-507-5896,ijeongsun@example.org
최민재,77160,광주광역시 노원구 양재천162가 571,정남곽한빌라 254호,044-962-6762,jimin77@example.org
이미정,94755,서울특별시 중랑구 삼성6가 567 (윤서차이면),은경김김연립,064-764-3182,minseo25@example.com
박은영,06219,대전광역시 북구 봉은사길 444,지영이타운,055-047-9151,mbag@example.org
장상훈,21597,광주광역시 용산구 삼성가 956 (정호김동),영수김빌라,051-368-2540,yeonggil04@example.com
이진우,84771,인천광역시 서대문구 오금길 121-80,현주윤이아파트 L동 176호,018-594-9465,hyeonjeong77@example.com
이윤서,46666,충청북도 홍성군 석촌호수거리 721-27 (민수윤최리),서준최김연립,032-419-5811,cca@example.com
김정웅,73214,경기도 수원시 영통구 도산대가 888 (영길이박읍),도윤김문아파트 124호,064-731-8169,jihyejang@example.org
이정자,42663,충청남도 부천시 오정구 언주5거리 192-80 (윤서이최리),채원김마을,052-325-3455,kgang@example.com
윤정희,23600,인천광역시 구로구 압구정거리 377 (승민윤동),옥자정마을 428호,042-140-7747,caeweon70@example.org
박승민,34183,전라북도 성남시 중원구 삼성가 976,재현김아파트 001호,055-582-2059,coegwangsu@example.org
이지은,72984,충청남도 수원시 장안구 반포대82거리 지하90 (현지최마을),현주송연립 다동 932호,043-475-3989,jeonghyi46@example.org
김예준,66535,경상북도 김포시 잠실길 853,종수김박타운 282호,019-133-0212,goyeongsig@example.net
김지원,26278,서울특별시 마포구 영동대가 549 (유진곽동),현우이아파트 377호,051-672-7499,seongminji@example.org
김하윤,15366,전라북도 양평군 선릉94가 164,도윤김서마을,018-444-4297,jaehogim@example.org
김옥순,07129,울산광역시 서초구 반포대48로 626,정수김연립 538호,052-397-3268,gangmigyeong@example.com
고예진,65082,인천광역시 서초구 테헤란길 144 (보람김마을),중수장윤빌라,054-086-0949,mijeong77@example.net
이영환,01502,대구광역시 성동구 봉은사거리 202 (재호최박리),주원안연립 377호,063-050-0482,donghyeongang@example.org
장옥자,40265,대전광역시 강북구 선릉7가 713,서연황타운,064-780-5001,yeonghwan20@example.com
김은영,40265,전라북도 수원시 장안구 삼성03길 436-70,승민김김빌라 마동 234호,018-629-1319,hwanghyeonji@example.net
김서윤,37825,충청남도 부천시 원미구 가락8거리 655-84,민수김이빌라,02-6624-3999,jjeong@example.com
이춘자,40903,부산광역시 성동구 반포대8길 558,민재류송마을 라동 548호,02-2271-1190,sanghyeon66@example.net
김중수,62727,부산광역시 종로구 서초중앙가 지하229 (지훈김전리),미정민마을 N동 601호,063-242-2362,gimjihu@example.com
차서윤,99304,세종특별자치시 북구 테헤란거리 지하480,선영이황빌라,033-158-6621,migyeong19@example.org
강영순,05834,서울특별시 동대문구 영동대가 지하605 (서준김동),아름이권아파트 919호,042-493-8114,seoyeon54@example.org
김채원,81342,서울특별시 동대문구 잠실로 397 (성훈전오면),지연고타운,041-050-2206,seongjin31@example.com
김옥자,54404,세종특별자치시 중구 잠실로 지하254,예진백김마을 Q동 106호,032-749-0238,anjeonghyi@example.net
김지민,78616,대구광역시 서구 개포7길 791,광수김아파트,011-411-0655,whong@example.net
장영일,34362,충청남도 수원시 장안구 강남대98로 606-73 (영환장리),중수김연립,033-566-1316,junhyeoghan@example.net
장정호,23761,울산광역시 서초구 논현가 지하29,정숙박조마을,054-930-8125,gimyejin@example.net
오정호,65046,대구광역시 노원구 논현가 768-48 (경자이전리),영숙김이타운,043-467-0641,seohyeon20@example.net
박현지,71835,경상남도 양평군 서초대0거리 777 (성진심면),지은이이빌라,043-356-1248,ti@example.net
서서영,49260,서울특별시 강북구 반포대거리 100-74,경숙장아파트 K동 712호,010-9328-2143,seongjia@example.com
박서현,37501,충청남도 평창군 도산대로 730-23 (영미박한면),지후김타워 819호,017-115-2682,munyeongil@example.com
장상훈,23444,경기도 군포시 강남대가 140-24 (현준이이동),은서이타운 430호,010-0649-7829,ui@example.org
박영환,66716,경상북도 고양시 언주길 915-36,민재김빌라 T동 814호,011-438-2474,bagmiyeong@example.com
김경수,81325,전라북도 보령시 도산대979로 720-7,영호장김마을,061-121-8714,jiyeong31@example.org
양영순,99398,광주광역시 양천구 오금038길 33,서연박연립 Z동 602호,043-788-5737,yeongjin15@example.com
노성수,60121,부산광역시 양천구 가락거리 732,은지오강아파트,032-798-5206,gimyeongceol@example.com
김춘자,56977,충청북도 괴산군 논현946길 139-90,영수신빌라 L동 590호,011-743-1303,hayun57@example.com
김민수,67988,경기도 평창군 반포대26가 329-54,현지송홍타워 899호,052-101-0244,byeongceolyun@example.net
이준호,95227,제주특별자치도 철원군 선릉53거리 859 (미경김리),현주박김마을 가동 642호,042-331-5124,seongminbag@example.net
김지영,49016,충청북도 성남시 중원구 삼성거리 274-76 (성수박리),영환이이마을 P동 517호,061-524-1498,mi@example.org
박민수,30505,서울특별시 서대문구 언주거리 897-81,정희오김아파트,032-155-2727,bagboram@example.com
이재현,09771,울산광역시 성동구 역삼68거리 682-52,영환이김빌라,053-385-5094,si@example.net
박성훈,02915,대전광역시 구로구 영동대9거리 916 (민수김리),병철송빌라 K동 745호,052-498-9415,jaehyeongim@example.com
김은영,15638,부산광역시 용산구 삼성길 451-66,재현박연립 K동 103호,054-990-5663,ujini@example.com
이예진,81057,충청북도 동해시 테헤란거리 98 (지원최주리),우진남아파트,017-586-7181,ngim@example.org
이지후,57631,부산광역시 북구 반포대955가 571,서준장안타워,061-528-4751,ggweon@example.com
최주원,40971,전라북도 속초시 삼성95가 지하659,은경우이타운,043-531-1400,ugim@example.net
김서영,24408,충청북도 성남시 중원구 백제고분로 948 (예준차배읍),경수이마을 777호,062-420-7511,tgim@example.com
조서영,53975,대구광역시 강동구 개포83로 617-76,수진서이빌라 311호,044-634-8170,seojungang@example.com
박준호,12191,대구광역시 강북구 가락8길 714,상현이김연립 911호,010-4655-4748,ijihu@example.net
장현정,87554,경상남도 강릉시 언주0로 27 (도윤이최면),미영이마을 I동 555호,016-153-1779,jeongungbag@example.org
오정식,57321,울산광역시 서초구 오금0거리 471-47,은영김김빌라,031-564-2687,gimjiyeong@example.com
배정자,09921,울산광역시 강북구 테헤란거리 886,민준김김아파트,044-148-4489,hu@example.com
김민준,31661,대구광역시 마포구 테헤란가 지하371,중수김김타운 J동 768호,054-784-7891,juweongim@example.net
황경숙,97042,세종특별자치시 송파구 오금로 796-31,경수박연립 176호,064-748-9700,minji52@example.org
이지은,94095,서울특별시 중랑구 학동757로 652-32,정웅박이빌라,062-942-1034,jungsugim@example.org
황현준,48815,대구광역시 중구 가락로 809 (현주김읍),유진이마을 17동 790호,042-955-0243,coejinu@example.com
우영수,00333,경기도 안산시 상록구 논현0로 428-75,민지김타워,054-224-4383,jeonghyi09@example.net
한건우,53482,강원도 김포시 양재천885가 223-9 (중수이동),현우심아파트 164동 627호,043-631-3661,jihujeong@example.org
박정훈,87251,경상북도 단양군 오금길 580 (민석손면),재호박노연립 F동 829호,064-750-0435,sgim@example.com
이준영,98374,전라북도 청주시 서원구 논현길 852-70,민준김장타워,054-750-0192,hi@example.net
이준영,01596,대전광역시 남구 개포4가 661 (옥순김리),영숙이아파트 870호,010-5178-8918,bagsiu@example.net
박정희,16789,세종특별자치시 서구 압구정2로 207-90,정숙노김타운 가동 333호,018-211-3742,dohyeon27@example.net
이도윤,16599,전라북도 부천시 개포7거리 736-70 (영순김박동),병철최빌라 B동 436호,054-457-6845,uhan@example.org
김영환,17159,경상북도 당진시 잠실길 209,상철이박아파트 가동 034호,011-011-4205,eunjiyun@example.org
박지훈,04468,충청북도 천안시 서북구 오금912거리 76 (옥자김마을),숙자박강연립,051-023-7320,gyeonghyi70@example.com
차예진,63502,경상북도 수원시 권선구 논현42거리 227,윤서양김타운,053-314-7796,minjigang@example.org
김진호,72684,전라남도 철원군 영동대가 지하559 (민지전최마을),지원오연립,033-812-3541,zi@example.net
신춘자,30237,부산광역시 동작구 테헤란거리 933-75,영진권아파트 가동 207호,052-790-5041,yeongsun33@example.net
이순옥,00019,세종특별자치시 강서구 오금53길 405-74,성훈최이타워,051-289-7627,nbag@example.org
김지민,06751,전라북도 청양군 논현87길 151,영미한김빌라 450호,043-356-7100,yeongsiggim@example.net
한준호,22391,전라북도 화천군 봉은사97길 683,민서노임빌라 I동 359호,044-347-1902,mi@example.org
심상훈,09191,울산광역시 성북구 논현거리 196-30 (민수이리),지혜이김타워 707호,042-382-8115,seongho97@example.com
김정호,31063,경기도 홍천군 도산대667길 957 (민수이박읍),수빈이정마을 091동 275호,052-749-4552,hgim@example.net
김중수,34195,서울특별시 북구 반포대860가 711-35,서연김이타운,062-929-4138,coehayun@example.org
이순자,70162,서울특별시 성북구 개포1로 360-93,은정박타워,010-4085-1541,sanghyeoni@example.org
최정식,30014,경기도 고양시 일산동구 언주351로 450 (예은박면),수빈박타운,055-035-1458,bi@example.org
김지은,02061,서울특별시 금천구 테헤란가 821-7,정희김타운 762호,018-026-9612,gimhyeonsug@example.com
김명숙,79317,대구광역시 양천구 양재천779길 54-66 (보람박이마을),명숙김김타운 695호,054-612-3139,cadoyun@example.org
하영일,32305,경상남도 수원시 장안구 반포대거리 619,정호김아파트,054-920-9614,qgim@example.org
박영진,74089,경상북도 안산시 상록구 선릉로 892-38 (동현엄이리),상현임김마을,011-013-0451,imdonghyeon@example.com
박영식,15427,충청남도 태안군 백제고분거리 지하899 (순자배류동),현숙최타워 880호,062-933-1466,coeeunseo@example.com
김성훈,36713,경상북도 고양시 일산동구 논현가 180,수빈이장타운 D동 059호,052-676-6322,misug92@example.com
이지후,66686,전라남도 청주시 서원구 봉은사1거리 742-77 (영길백리),윤서강홍빌라,010-1131-0739,zyun@example.org
문성수,45820,세종특별자치시 도봉구 오금가 195-75,지민이타워,032-290-3713,xsong@example.org
박중수,87378,경기도 단양군 가락4길 200 (민석최김마을),영희김배아파트 G동 522호,043-360-6925,hyeonjigim@example.com
박은서,34651,서울특별시 금천구 개포42가 842 (경희김류면),아름최마을 J동 950호,02-7422-9089,gimjihu@example.com
신성현,90421,인천광역시 송파구 강남대0거리 49,영식나박빌라 689호,02-4880-6363,gimjeongsu@example.net
장수빈,32327,충청북도 공주시 석촌호수가 811-74,예준김연립 X동 832호,062-016-5234,jungsugim@example.org
이순옥,37947,전라남도 태백시 서초대로 412-11 (혜진박김읍),시우이주타워 197호,017-990-5904,igeonu@example.com
최미정,87503,강원도 의왕시 양재천거리 83-10 (정남박리),예은차김타워 A동 605호,033-968-1900,gimjeongja@example.com
김영호,36422,충청북도 횡성군 반포대거리 883,준혁송빌라,053-167-6492,gryu@example.org
이우진,43175,충청북도 부천시 오정구 삼성길 897-98 (영미이조읍),동현김이마을 702호,064-759-7110,vi@example.org
박지민,07039,경기도 안양시 동안구 봉은사702가 764-91,예지양전빌라,011-762-2197,yeongjin92@example.net
성수민,88101,경상북도 춘천시 압구정875거리 지하820 (영진전이동),지혜손김마을 K동 119호,063-972-3529,goyeweon@example.org
김수민,12032,전라남도 시흥시 역삼길 651-97 (유진류최마을),지원고빌라 049호,053-277-9485,tgim@example.org
김옥순,83466,강원도 진천군 가락555거리 46-2,영수장아파트 064호,016-855-7492,sujin45@example.com
박진호,68810,광주광역시 영등포구 논현1가 469,민지신김아파트,062-693-4168,donghyeon00@example.org
남경숙,57576,경상남도 부여군 서초중앙로 892,민준이황빌라 840호,064-746-4974,wi@example.net
박도윤,23947,충청남도 진천군 개포로 지하540 (상철김김읍),주원한타운,033-515-3455,jeoneunyeong@example.net
장하은,87656,경상남도 청주시 상당구 서초중앙4가 362-92,지후정타워 418호,042-336-6773,gimhyeonjeong@example.net
김서현,57661,전라남도 논산시 언주0가 343-13 (영숙김서리),상현박이빌라 가동 084호,017-953-5451,seonghyeon47@example.org
권옥자,98732,제주특별자치도 성남시 압구정길 707,현지민마을 E동 591호,062-893-8575,mhan@example.org
서상훈,90246,울산광역시 중랑구 삼성709로 243-57,정희백타워 다동 374호,063-022-6479,gimyeongceol@example.org
김영진,77720,서울특별시 동작구 압구정길 960,보람오김연립,053-127-7817,yejingim@example.com
이우진,06470,충청남도 충주시 개포9거리 지하436 (예은이황리),서영이마을 778호,053-327-7282,yeonggil48@example.com
김중수,40645,울산광역시 노원구 영동대가 461,지민김백타워,033-491-5562,ojeongung@example.org
김정자,89767,경상남도 광명시 삼성080거리 825,영숙박타워 J동 069호,017-372-9735,ujini@example.com
문명숙,10409,경상남도 평택시 강남대거리 962-55 (지아김이읍),수진임이타운,019-146-7202,yeonghyi67@example.org
김도현,43615,인천광역시 광진구 양재천5길 314 (주원임한동),상현이연립,041-949-4907,jinho08@example.org
문예진,42056,대구광역시 북구 서초대가 12-16 (지연이읍),민서김박연립 469호,031-424-8728,jiyeonyun@example.com
이병철,87844,울산광역시 노원구 역삼153거리 129-11 (정식김김면),승민김빌라 Z동 903호,053-694-2713,nryu@example.com
장아름,49085,제주특별자치도 횡성군 압구정길 131 (서현이동),정희오연립,041-945-3807,yunjiyeon@example.com
김현우,83358,울산광역시 은평구 오금9가 996-15,동현서연립 P동 621호,044-873-9268,yeji39@example.net
한지훈,62375,울산광역시 광진구 석촌호수4거리 788-7 (지혜이최마을),지혜고박연립 400호,041-790-4327,jungsu44@example.com
박서현,61632,울산광역시 강북구 반포대로 553,상철김김연립 593호,043-013-0337,tji@example.org
권상현,25159,강원도 충주시 삼성298길 185,순옥서김연립 453호,055-371-9597,agim@example.com
김상철,86976,전라북도 철원군 개포363로 203 (민지서김동),영일김마을,053-273-6249,hayun74@example.com
오숙자,27182,울산광역시 서초구 잠실길 619-31 (경숙박김마을),현지류타워,070-9833-3012,vbag@example.net
장지혜,52032,경기도 군포시 압구정9로 지하25 (미경김박동),은서허빌라 923호,016-589-0816,seoyeon81@example.org
송은주,89220,서울특별시 송파구 선릉거리 239-14 (준영윤이동),미경서이빌라 343호,041-945-9595,gimbyeongceol@example.org
송영희,84729,강원도 파주시 봉은사로 749 (지영하남면),은주이빌라 552호,02-6757-3036,xsong@example.com
김정숙,86566,울산광역시 영등포구 석촌호수425거리 699-72 (영일이이마을),수민김노마을 W동 379호,032-454-9363,hwangsugja@example.org
양준호,24579,충청북도 광주시 오금거리 731-25 (미숙이김읍),명숙김김아파트 S동 810호,010-8052-9435,jeongsig55@example.net
강지아,31447,강원도 홍천군 개포86길 지하312 (상현박최읍),상현김이아파트 538호,053-180-5193,gweonminseog@example.com
김지은,84738,전라남도 시흥시 도산대로 774 (중수성이리),진호박배빌라 983호,052-530-1611,zi@example.org
홍병철,01916,제주특별자치도 양주시 학동363가 837,지아강오마을 라동 061호,062-745-5998,gimjia@example.com
권수빈,52044,전라북도 홍성군 압구정거리 78-34,명숙오빌라,02-3091-9897,hasanghun@example.org
박지민,70714,부산광역시 성동구 테헤란가 516-91 (서윤이동),종수김타워 199호,031-706-1350,ggweon@example.com
김명숙,15451,충청남도 용인시 처인구 도산대길 157,지연김타운 858호,031-539-6534,jimin23@example.net
강진호,41270,충청북도 충주시 영동대754가 574,미숙최아파트 가동 608호,02-6512-4352,jeonghuncoe@example.com
엄현우,27784,대전광역시 강서구 반포대로 236 (준서박면),수진박빌라,052-579-8081,yo@example.net
이중수,20805,대전광역시 강북구 백제고분거리 204,종수장아파트 104호,016-278-2077,jeongsig99@example.org
김성수,07086,충청남도 인제군 테헤란740로 656-47 (서연이양면),진호이오아파트 321호,041-880-3621,haeun59@example.org
김종수,47716,세종특별자치시 금천구 잠실7거리 130 (영진김안리),성호황권타운 I동 357호,018-500-4881,yeongsug84@example.com
박민수,40103,대구광역시 동구 언주8길 지하923,숙자이마을 384호,042-827-4614,yunjuweon@example.net
양성현,87608,경상북도 남양주시 석촌호수07길 지하802,영진박빌라 947호,016-723-7281,ijeongsu@example.net
이순자,93503,강원도 양구군 역삼길 661 (하윤김마을),예원이마을 라동 340호,019-016-1771,seonghun68@example.net
송수진,32958,경기도 증평군 도산대5거리 183-6,정자이타운 994호,061-708-0147,honggyeonghyi@example.com
진윤서,38832,울산광역시 성동구 테헤란4가 628,진우황조타워 053호,053-270-3801,jeongsug93@example.com
진진우,42174,부산광역시 북구 역삼로 6-32 (동현송정리),민수박타운 487호,031-308-0222,gimhaeun@example.org
장옥자,44920,광주광역시 동구 가락886가 686 (지민최면),영식박타운,070-7984-5130,ljo@example.com
장성수,29207,제주특별자치도 속초시 언주93길 924 (춘자황문동),광수유타워 339호,054-520-4101,seojun92@example.com
김경수,17026,세종특별자치시 은평구 개포704로 407,정희구연립 G동 204호,054-141-4525,subinbag@example.net
이미정,32746,전라남도 화천군 잠실46거리 417-59 (서영송최마을),영순김타운,061-510-7530,pgweon@example.org
장서영,78938,강원도 서산시 학동로 72-97 (수빈백면),지원김이타워 T동 520호,033-672-9283,eomsanghyeon@example.org
김재현,33967,충청남도 부천시 오정구 서초중앙03가 687,정웅강마을,055-185-1282,gangyeongsun@example.com
황정희,92207,세종특별자치시 관악구 석촌호수45길 지하194 (현지박윤리),영진김이연립,053-024-4789,coegeonu@example.com
김예은,62745,강원도 강릉시 언주가 715 (도현최김읍),경자김김아파트 마동 262호,041-563-0909,yeongsu09@example.org
배상호,92909,세종특별자치시 북구 테헤란가 510 (옥자김서리),준영윤김빌라 520호,064-749-7544,ijiu@example.org
김성훈,32201,광주광역시 동구 서초대407로 지하280,현숙임타워 209호,033-842-7636,ogsunyang@example.net
강건우,58413,충청남도 원주시 봉은사길 916,서준서아파트 707호,044-178-8502,yeonggiljo@example.org
이시우,06792,충청남도 양구군 가락거리 859-97,영호이이마을 K동 304호,051-047-9556,hyeonji47@example.org
최하은,87823,전라남도 고양시 석촌호수로 448-20 (예원손정동),예원황김타운 709호,031-130-9138,gyeongsugo@example.org
강현정,99599,전라북도 광명시 언주58로 127-25,영철김타운,070-0731-4558,gimjiyeong@example.com
이정웅,19885,경기도 오산시 언주7거리 695,성호전김마을 I동 443호,062-282-7268,gjang@example.org
오경숙,03228,서울특별시 중구 영동대933길 885 (현우김리),지민김최타운 561호,043-432-6660,suminbag@example.net
이지우,59020,전라남도 동해시 선릉가 307-84,정남이타워 911호,019-633-4335,oi@example.com
김정자,05783,제주특별자치도 수원시 영통구 백제고분4거리 10,경희서최빌라 894호,054-230-7425,junhoi@example.net
이동현,72076,경기도 수원시 팔달구 언주길 지하303,정순한타워 A동 855호,053-310-9052,nogyeonghyi@example.org
양현우,89539,경상남도 서천군 개포788로 지하942 (서윤최안읍),경숙권마을 V동 431호,064-761-1477,rcoe@example.net
박지민,16547,대구광역시 영등포구 삼성가 16,서연구아파트 743호,02-7154-1618,seoyeonggim@example.net
김미숙,07219,세종특별자치시 양천구 삼성47길 지하645 (지훈이읍),영자이김마을 I동 495호,053-921-0635,hwangjaeho@example.net
이민서,54663,부산광역시 성동구 선릉2길 85-21 (명숙우이읍),상호김박타운,018-706-8076,hgweon@example.com
남도현,01734,인천광역시 서구 테헤란가 224,영식강김아파트,031-434-5710,minjii@example.net
강숙자,66357,제주특별자치도 광주시 압구정거리 262,서준김빌라 869호,019-293-5404,aseo@example.net
박지우,71579,충청북도 청주시 상당구 양재천5거리 937 (상현김동),재호장타워 E동 053호,042-704-3601,yeongmigim@example.org
우채원,02746,대전광역시 중랑구 양재천거리 337,성훈김노빌라 U동 727호,011-823-0442,gyeonghyigweon@example.com
차성호,00142,울산광역시 영등포구 논현06가 806 (순자장읍),경자손타워 O동 252호,070-6587-1632,sanghyeonbag@example.net
장하윤,69542,제주특별자치도 옥천군 논현39거리 144 (지원임안리),재호김타운 Y동 078호,051-677-7526,seonyeonggim@example.com
김성현,05866,경상남도 계룡시 오금길 지하398,은서백타워 R동 060호,043-257-7885,ti@example.org
장경수,73807,부산광역시 도봉구 봉은사7거리 842 (준호김이읍),지혜오타워 P동 984호,061-434-6839,jaehyeon72@example.org
김지혜,22022,대전광역시 노원구 압구정길 305 (성훈이면),도현양김타운 Y동 578호,02-3711-2988,junhoi@example.net
홍영식,51966,광주광역시 북구 서초대가 618-10,영식지아파트,055-902-8171,gyeongja89@example.com
김민재,69489,경기도 아산시 서초중앙491길 지하463,춘자이김타운,054-265-9475,oyejun@example.net
오영수,14386,대구광역시 노원구 삼성98길 781 (순옥박리),예은박윤타워 588호,032-928-7573,ijeongho@example.com
김준혁,69518,대구광역시 강서구 개포327가 519 (영철박박면),은영김장아파트,041-671-8416,yeonghyi57@example.net
류지훈,75662,충청남도 오산시 반포대71로 421,영숙박김연립,055-104-4530,cgim@example.com
이정수,02144,대전광역시 마포구 반포대64가 403,준혁배이아파트 729호,052-755-5941,gimjeonghyi@example.org
이서연,09294,대구광역시 서구 개포길 293-45 (영호김김동),서현서빌라 Q동 017호,053-651-4988,di@example.net
백정호,78520,경상남도 음성군 잠실849가 727-67 (지아김마을),하은송황연립,018-265-3092,jangseongjin@example.org
박영미,35434,전라남도 수원시 팔달구 역삼9길 938-17,순자김빌라,018-080-8350,iminji@example.org
강상호,34948,충청북도 증평군 반포대길 674 (은정조동),경희김마을 380호,033-935-2795,yeongja38@example.net
김예지,63739,대구광역시 강북구 도산대7길 지하426,상철최타워 710호,02-8534-3396,bagyujin@example.org
오경숙,54254,세종특별자치시 영등포구 봉은사8가 633 (정남이강마을),영숙차김타운 087호,016-989-9941,gyeonghyicoe@example.com
양명자,90296,충청북도 용인시 봉은사0거리 399,상호이마을 015호,032-415-6553,jihui@example.net
이경수,99609,경상북도 수원시 장안구 논현516길 289-52 (영식박정리),도윤최김빌라 다동 911호,061-460-8211,eomjiyeong@example.net
최선영,58675,제주특별자치도 홍성군 강남대88로 741-38 (지현이최동),지영김고타운 바동 136호,031-520-6280,dbag@example.org
강현준,47574,경기도 예산군 영동대가 985,영일최김타운,019-678-3655,myeongjaseong@example.com
박상철,10561,충청남도 정선군 도산대가 304 (은경강박마을),지민이황마을,033-783-2466,gimsangho@example.com
김성훈,26749,세종특별자치시 은평구 압구정거리 315-30,명숙윤남빌라,053-888-0323,gyeongjabaeg@example.org
김수민,99337,전라남도 의왕시 삼성28가 700-23 (정호구이동),중수김최아파트 674호,02-3156-2697,igyeongja@example.com
박미정,04443,충청북도 서산시 잠실가 811-89 (성호차면),준호노아파트 F동 877호,044-673-2364,gwangsu31@example.org
장성현,04263,광주광역시 강동구 학동로 121 (영호최마을),서연이연립,062-894-4270,seonghogim@example.net
김진호,28299,세종특별자치시 동구 가락41거리 50 (정자안읍),정숙박이마을,061-542-9271,sanghun99@example.org
안민서,94050,전라남도 용인시 수지구 압구정7가 428-91 (준혁김동),서영이마을,070-8919-1851,yeonghyi16@example.net
강미경,44296,세종특별자치시 동구 잠실로 795,은정이빌라 995호,064-747-4167,yeonggil20@example.org
김준호,82630,세종특별자치시 종로구 역삼가 618,은지강김연립 가동 924호,051-921-9819,hi@example.com
김정숙,53074,서울특별시 종로구 역삼가 지하907,지민윤연립 나동 642호,053-322-3363,acoe@example.com
배광수,84061,인천광역시 동구 강남대7로 243-24 (건우한동),미숙윤연립,010-8647-6518,yeongja85@example.org
김건우,00289,대구광역시 동대문구 압구정거리 885 (명자이이마을),명숙이빌라 W동 503호,052-202-1247,jiyeong93@example.org
우지후,72747,인천광역시 영등포구 삼성20길 955-91,지연이타워 O동 311호,070-2668-1343,minjun20@example.com
박서영,65685,경상북도 연천군 양재천거리 875-40,혜진장강타운 H동 240호,061-345-0570,hwangyeongjin@example.com
한준서,75021,부산광역시 성동구 개포길 269,영환황마을,063-297-6648,junhyeogi@example.net
권지원,34370,충청북도 고성군 개포가 747-35 (수민김김리),현정김장연립,010-3653-8743,haeun92@example.com
김종수,40600,서울특별시 강서구 반포대로 407-24 (준호김읍),현지김마을,032-966-9041,mi@example.org
박지연,83314,경상남도 증평군 가락길 404-55,지원최이아파트,016-054-7076,jeongung86@example.com
홍춘자,99446,강원도 춘천시 반포대22거리 204-25,동현이마을 885호,031-302-4186,jihyebag@example.net
김승민,45191,광주광역시 서대문구 압구정가 205 (영진최리),지은이김마을 860호,016-627-6064,sujin69@example.org
최은영,52212,전라북도 횡성군 양재천21가 7-13,숙자김이타워 409호,041-412-9439,ujini@example.org
김준혁,18486,전라북도 성남시 중원구 서초중앙1로 213,민서윤타운,064-726-6539,ogja17@example.org
서하은,24744,부산광역시 노원구 개포가 639,영길강아파트 T동 864호,031-448-1765,bagjeongnam@example.com
김정웅,16625,전라남도 부천시 소사구 압구정가 246-88,정순송마을 289호,017-636-4916,doyun85@example.com
강명자,85285,대구광역시 송파구 선릉거리 409,정훈최타운 다동 634호,016-119-1444,haeun04@example.org
이동현,92034,전라남도 성남시 석촌호수가 594-32 (성수박허면),정호한전마을 Z동 231호,02-7313-0803,hyeonjun48@example.org
박상철,34878,충청남도 청양군 가락10로 763 (윤서심마을),은영이마을 265호,043-431-9173,gimdoyun@example.com
이명자,75159,경상남도 용인시 처인구 압구정1거리 287 (정수최리),성민권연립 L동 644호,02-7410-8095,coeeunseo@example.net
문정웅,72417,전라북도 증평군 테헤란663가 181-91,중수송아파트,010-8534-7194,bagsiu@example.com
이명자,79700,충청북도 오산시 서초대3가 20-19 (유진박읍),지영김타워,062-537-8820,yeongjagim@example.org
안정남,43250,광주광역시 강서구 강남대5거리 624 (은주손읍),정희박김마을 162동 448호,070-0262-2511,dhong@example.org
김성진,72740,세종특별자치시 송파구 언주길 196 (지후이리),정숙김마을,016-815-9762,ryuyeweon@example.net
이예진,35520,경상북도 태백시 석촌호수길 651 (광수김읍),정남심빌라 434호,042-192-4522,jaeho21@example.org
최은정,23983,세종특별자치시 중랑구 반포대로 728 (경희이리),서현구타워 P동 659호,031-198-1287,hyeonsug51@example.org
김성수,59759,충청남도 수원시 팔달구 반포대길 235,상철김타워 536호,018-605-6798,migyeongcoe@example.org
이예진,76662,울산광역시 남구 서초중앙거리 866-66,서윤박타워,053-920-7527,joareum@example.org
백중수,42476,경상북도 영동군 학동로 532-42,미숙배백마을,061-008-8455,jinho41@example.com
김예원,26822,대구광역시 동작구 잠실3가 736,현우권타운,055-159-5244,bagjunho@example.com
장영호,78492,대구광역시 영등포구 강남대로 지하938,광수박타워 995호,055-363-3366,qgim@example.org
차예원,75515,세종특별자치시 관악구 석촌호수길 939 (예지서읍),영식박아파트 I동 149호,061-942-2414,sgweon@example.com
김은지,05049,경상북도 여주시 석촌호수로 931-77,서현김이타운 592호,010-1175-2231,mheo@example.org
김영철,81793,대전광역시 금천구 잠실598길 628 (영희김동),지혜정마을 813호,018-812-7090,baeyejin@example.org
이준영,10072,인천광역시 도봉구 백제고분로 997 (건우최동),도윤최이마을,043-438-1246,ncoe@example.net
구영진,88655,제주특별자치도 속초시 삼성가 571,지우이김마을 832호,018-900-0114,yeonghwan67@example.net
김동현,53030,경상북도 횡성군 영동대길 240-79,진우김아파트 N동 727호,033-465-1788,oseongho@example.net
노은지,11943,경기도 성남시 분당구 삼성96가 67-34,하윤이아파트,041-270-3473,minjun44@example.com
김준호,70442,대전광역시 서구 개포거리 239-4,예은안김아파트 라동 273호,032-005-0105,yeongsuni@example.net
이동현,73838,충청남도 청주시 흥덕구 논현3거리 516 (상호김김마을),경자이장아파트 U동 207호,051-762-5429,jeongsugi@example.com
이진우,94897,전라북도 양평군 테헤란0거리 214,정호서민빌라 936호,018-424-6595,zsim@example.com
문영호,40071,경상북도 옥천군 오금길 424-9 (채원김백동),선영박이타워 C동 969호,016-560-5530,hgo@example.com
최민지,16225,제주특별자치도 수원시 영통구 논현길 217-25,순자김아파트,044-330-7329,jeongja00@example.org
최숙자,51064,제주특별자치도 논산시 테헤란09로 지하122 (영진한읍),예지이빌라,063-780-4805,gangyeongmi@example.net
김아름,50426,충청남도 청주시 상당구 잠실가 295 (정남강리),지현김연립,018-612-1856,coejeonghun@example.net
이영철,23776,인천광역시 동대문구 양재천로 170,은영이김마을 354호,061-551-2859,eunjicoe@example.net
이은정,64706,경기도 증평군 개포로 956-72,옥순강최타워 182호,064-767-6698,jjeong@example.com
남성훈,84360,제주특별자치도 평택시 양재천8로 157-42 (명숙최리),상현이빌라,054-752-6259,jeongboram@example.net
김준호,30503,경기도 강릉시 석촌호수거리 522,도현김연립 109호,053-143-6253,jgang@example.net
윤예준,31078,충청북도 화성시 개포47길 74-67 (경숙류면),지민한타운 213호,061-206-0311,yeonghwan27@example.net
정정웅,96766,전라북도 고성군 서초대380거리 44 (옥자김읍),영숙이조마을,054-981-1713,hongsunja@example.org
이성진,04197,전라북도 청주시 상당구 가락863길 295 (성수이홍읍),은영안타워,019-591-9274,tjang@example.org
박수빈,19196,전라남도 강릉시 봉은사가 444-21 (영희김배동),지아김빌라,033-642-4243,gyeonghyi45@example.net
정예원,18567,광주광역시 금천구 도산대88거리 30-39,명숙장이아파트 598호,010-2686-2919,jiyeongi@example.com
허하은,14651,전라북도 태안군 봉은사가 696,명자박김마을 077호,063-476-4919,geonu05@example.net
백영철,84555,인천광역시 은평구 테헤란274로 678,은주김김타운 U동 072호,010-4258-9356,yeongjin63@example.net
강성민,70064,대전광역시 서초구 테헤란길 608-95 (준호심마을),순자최타운 195호,070-8484-8475,caeweoni@example.net
이광수,09256,대구광역시 영등포구 서초대5거리 173-78,민석김김마을 747호,018-421-4877,hwangminjae@example.org
김우진,64235,인천광역시 강서구 반포대길 지하796,병철김빌라,041-427-2178,hi@example.com
박정순,69244,울산광역시 노원구 언주589길 584-4,혜진김연립,061-951-8900,seoyun26@example.com
김민준,05264,울산광역시 강남구 개포거리 269-24,지혜김김아파트 672호,010-3950-6424,bi@example.net
박준서,90736,부산광역시 은평구 양재천7거리 249,예지김김마을 마동 779호,055-022-1231,gimjunhyeog@example.com
최영숙,92412,대전광역시 마포구 석촌호수7거리 840-14 (상호김이면),영철문타운 R동 477호,041-833-5407,anseojun@example.net
지지아,71736,전라북도 홍성군 강남대로 887-36 (준혁문읍),미영류타워 바동 269호,064-793-0905,ieunjeong@example.com
조상호,20684,세종특별자치시 마포구 강남대2거리 967,정남김마을 389호,011-672-1648,jiubaeg@example.org
김준혁,51457,충청남도 삼척시 가락거리 725-74,성호양아파트 E동 129호,031-619-2478,ngim@example.net
최민서,78643,대구광역시 금천구 압구정가 208,상현김이연립 C동 645호,043-876-4923,jihusong@example.com
박순옥,12674,울산광역시 성북구 오금72가 326-26 (승민이읍),도현김김연립 255호,011-159-6819,gimminseog@example.net
양주원,88915,충청남도 수원시 영통구 논현길 지하712 (지연김최면),민준이황빌라 547호,061-102-5336,bagjeongsug@example.com
이상호,01968,경기도 태안군 영동대72로 468-4 (진호이면),혜진김연립,055-846-0405,seonyeong31@example.com
윤지훈,68481,부산광역시 영등포구 서초대1로 19,도현노장아파트,051-411-8337,ugim@example.net
김우진,83034,서울특별시 강서구 서초대길 456 (지혜민면),선영김마을 407호,061-043-6189,yeonghwan33@example.com
김종수,85616,부산광역시 서대문구 석촌호수33길 491 (영자김이읍),지훈김김마을 가동 754호,033-969-1078,seongho74@example.net
박정웅,99953,충청남도 성남시 분당구 영동대가 879 (상현이이동),명자한김타워 049호,055-936-3080,ocoe@example.org
최영환,58063,전라북도 안양시 개포길 907-68 (서현이읍),영길강타워,063-982-1351,bagogsun@example.net
박경숙,90865,경기도 수원시 권선구 봉은사가 564-72,보람안타워 마동 264호,053-052-7698,ijiu@example.net
박은주,90779,광주광역시 마포구 백제고분28거리 572-3 (도윤김동),지현문이빌라 P동 912호,053-119-3394,anjunhyeog@example.com
박지원,56271,광주광역시 강서구 삼성878길 934-42 (정훈최읍),준호이연립,031-183-1579,imijeong@example.com
서승민,66154,경기도 고양시 학동거리 176-41 (예은유읍),아름강김타운 734호,016-331-0033,minjuni@example.com
김예진,59667,울산광역시 구로구 석촌호수96가 372-72 (우진고면),현우안연립 가동 494호,010-0448-2738,miyeongcoe@example.net
권은주,89648,충청북도 안산시 상록구 오금거리 668,영일안권아파트 Q동 395호,032-729-5826,gyeonghyi21@example.com
한영환,31985,전라북도 안양시 만안구 석촌호수로 652-20,서영권김마을 483호,051-682-5141,fan@example.net
이영식,73989,세종특별자치시 강남구 백제고분길 977,민수최타워,010-0879-3044,namjia@example.com
강혜진,56315,전라남도 고양시 영동대길 57-72,지영박한타운 T동 805호,031-623-5106,gweonjeongsig@example.net
김정수,73472,경상남도 성남시 백제고분길 908,민석장마을,041-919-5281,jaehoi@example.net
이서준,13964,경상남도 천안시 서북구 서초중앙길 352 (준영남심읍),영일정손아파트,053-677-1605,jinui@example.net
차미숙,56405,광주광역시 광진구 학동04길 531 (승민박최마을),정웅송마을,061-052-5602,sunog82@example.com
강민지,27975,인천광역시 성북구 도산대길 918,예진이아파트 M동 484호,064-722-2282,ijiyeong@example.net
박옥순,02993,부산광역시 구로구 강남대거리 77-63,윤서우아파트 190호,054-335-5345,gwangsu47@example.org
조은경,97365,전라북도 철원군 논현74로 437,준호김허빌라 168호,010-6559-2689,imyeonghyi@example.net
이서윤,98567,서울특별시 서대문구 역삼로 593 (도현박리),영환고타운,016-045-1527,bagminseo@example.com
홍영철,81384,경기도 연천군 백제고분3길 20 (서준이읍),서연김연립 Z동 029호,041-998-8793,donghyeon43@example.org
권지아,03358,전라북도 오산시 도산대7길 100 (현주곽마을),정웅김타운,055-862-3789,jeongsigseo@example.org
김현숙,09331,세종특별자치시 서구 잠실가 540 (민석강장면),재호박김타워 B동 155호,051-555-7234,eunjigim@example.org
송지연,06392,세종특별자치시 동작구 도산대로 176,순옥남타워 가동 853호,016-936-8086,ei@example.com
서영진,33001,대전광역시 서초구 봉은사56가 528-56 (수빈정박동),영식윤타워 213호,064-763-8245,eunyeonggim@example.org
조민석,71044,광주광역시 양천구 오금78가 817 (지연이양읍),현정장이아파트,010-6238-4773,jeonjinho@example.net
서현우,39462,서울특별시 서초구 석촌호수137길 539,영일오타워,051-715-5375,jeonghyigweon@example.com
김주원,72750,강원도 철원군 강남대525거리 668-72 (준혁김마을),성현성이타워 M동 353호,033-074-6862,jangjihye@example.net
이성훈,62083,광주광역시 송파구 서초중앙로 168 (선영민읍),정남김권타워 244호,053-139-5481,yuseonghun@example.com
노숙자,40895,강원도 동해시 삼성34거리 지하807,정순김타워 012호,051-507-1612,pgim@example.com
류윤서,01181,세종특별자치시 북구 오금4가 508-62 (준호김최리),예은우김연립,042-954-3730,junho36@example.net
오준서,63525,서울특별시 남구 석촌호수로 773-22,현지최주연립,019-347-5695,sanghogim@example.com
윤아름,42510,전라남도 금산군 영동대로 442-80,서연이빌라,011-045-0687,bagseungmin@example.org
손경숙,19767,세종특별자치시 동작구 테헤란길 832,진호최박아파트 Y동 536호,070-6495-2315,yeonghwan42@example.net
김재호,23266,대구광역시 송파구 역삼길 964-64 (서영서이읍),유진박아파트,032-667-5707,pcoe@example.org
김보람,38689,제주특별자치도 보은군 영동대거리 291 (은영한윤면),우진문연립,042-179-9831,yejin40@example.net
박혜진,40205,전라북도 제천시 백제고분628가 683,현우김아파트,011-420-8807,yungyeongsug@example.org
장재호,30416,인천광역시 강북구 삼성8로 902-67,옥순김타운,061-180-3857,mjeong@example.org
나광수,45992,전라북도 충주시 석촌호수로 671-28,지은오타운 C동 061호,053-856-1931,seonghyeon11@example.net
이상훈,68929,서울특별시 동작구 선릉가 482-47 (순옥황김동),은정문이타워 Z동 458호,041-408-3795,imigyeong@example.org
김민수,55012,경기도 군포시 삼성676거리 820-34 (영일송마을),혜진윤윤타워 996호,063-090-3518,yeongsun76@example.com
김민재,66374,인천광역시 북구 도산대로 92 (채원김리),정숙황류마을 323호,064-733-0720,seoyeong23@example.net
김민준,75183,제주특별자치도 계룡시 서초중앙가 209-17 (지민장마을),정호박이연립,061-469-1525,coehyeonji@example.org
서성호,02241,대전광역시 강북구 백제고분5가 117,승민이아파트 315호,032-623-7588,subin54@example.org
김윤서,54251,전라남도 이천시 언주2거리 865,성호김이연립 009호,032-760-0804,minjaena@example.com
구승현,77244,경상북도 양구군 강남대358길 674-18,영순강빌라 K동 358호,053-866-3998,seojungwag@example.com
박현우,75644,충청남도 속초시 봉은사090로 지하614 (준서이읍),진우황타운,053-517-4788,lryu@example.net
김정수,59382,강원도 음성군 도산대로 141,지현김안아파트,02-0617-8479,jeongja03@example.org
권선영,35608,경기도 서산시 봉은사길 941,정희양빌라 U동 009호,054-371-7603,iminseog@example.org
서동현,84821,경상남도 동두천시 잠실거리 584 (경자김리),지훈박타워 마동 711호,011-955-9118,namyeongsu@example.org
이서윤,43107,서울특별시 동구 논현64가 605-85 (광수이읍),서준박김연립,053-020-3992,sangceol00@example.org
김경희,02988,부산광역시 송파구 석촌호수031가 988 (정순김김면),상철김우아파트,064-764-6305,mna@example.org
김준영,02594,충청남도 가평군 봉은사거리 지하678,민석홍빌라 U동 741호,042-269-6040,miyeong97@example.org
안숙자,81354,서울특별시 강동구 도산대거리 425-48 (정자이김면),예원김김연립,033-746-8809,hwangjiu@example.org
김수진,99358,인천광역시 중랑구 반포대9거리 지하805 (지현김동),경숙김허연립,055-210-8790,seongmin82@example.org
노정자,74007,인천광역시 중구 양재천633길 644-72 (정희김읍),은정강타운 C동 276호,052-221-3435,sanghoi@example.com
손시우,88339,경상남도 김포시 반포대길 510-70,주원서연립 522호,055-511-6239,miyeonggim@example.com
김상훈,06893,부산광역시 영등포구 역삼로 392,선영홍이아파트 844호,044-449-1041,xgo@example.net
김광수,81110,경기도 화성시 선릉가 104 (영환김양읍),경숙우빌라 980호,055-798-0730,seungmini@example.com
송지훈,58830,대구광역시 동구 석촌호수41거리 548-87,예지윤아파트 Q동 769호,042-053-3011,nyu@example.org
송준영,38730,충청남도 단양군 영동대6가 204,상호정마을,063-734-6787,yeeunbag@example.org
김영식,90475,대구광역시 노원구 언주길 611 (영수이장리),승현박타운 668호,063-382-4495,gimboram@example.net
오유진,63340,경상남도 청주시 흥덕구 봉은사0거리 372 (정호양김동),현숙구이타워,032-129-2049,yeonghyi78@example.org
류순자,64111,세종특별자치시 용산구 가락3가 475-24,상호남양아파트,055-696-2810,junseoi@example.com
최경희,92240,세종특별자치시 종로구 가락로 398 (경자박마을),유진송김빌라 949호,044-090-6343,sumini@example.net
김영숙,17594,경기도 파주시 개포가 924,현정안연립 426호,017-876-9853,eungyeong46@example.net
김은주,60819,제주특별자치도 안양시 동안구 오금101가 754 (유진박김읍),현준김이타워 438호,051-935-2350,ohyeonji@example.net
김상철,81515,강원도 안산시 상록구 양재천길 350-17 (유진박남면),승민김타워 037호,032-431-5402,gyeonghyi46@example.org
김예원,61718,제주특별자치도 성남시 언주로 610-30 (서준박박읍),상철권나아파트 C동 714호,041-291-3354,yeongjai@example.net
이예진,87206,충청북도 성남시 중원구 논현0길 115-74,혜진박유타워 664호,062-266-1298,hyeonjiju@example.com
고영미,27888,충청남도 청양군 테헤란98길 109-45,우진김연립 727호,018-518-0400,tna@example.net
오숙자,57406,강원도 태백시 석촌호수길 지하213 (서준이김마을),미정강타운 H동 418호,052-440-4838,bagjeonghun@example.com
김미영,65992,전라북도 아산시 오금0길 744 (주원민차면),광수김정연립 G동 511호,017-338-4406,ujo@example.net
김명자,52087,세종특별자치시 강서구 서초대가 61,영순김아파트 U동 023호,053-844-9568,gimjiu@example.com
권준호,73589,경기도 춘천시 가락1로 814-28 (경자윤리),광수이빌라 045호,051-782-5232,dgim@example.com
이도윤,88753,경기도 화천군 도산대가 122,정웅김타운 G동 742호,051-075-9118,jihyei@example.org
권명숙,28240,경기도 성남시 개포4가 653 (지아권민마을),성호김빌라 667호,02-2850-8281,caeweonmin@example.com
심경숙,50635,충청북도 정선군 언주가 지하972 (도윤하한동),상호김양연립,019-518-9580,bseo@example.com
황승현,03680,전라남도 금산군 압구정997거리 156,시우김마을 542호,043-057-1495,ssong@example.com
김은정,29552,경상남도 의왕시 강남대0거리 476 (상현김백읍),정희김강타운 504호,041-095-2324,seonghyeongweon@example.org
김미경,36772,대전광역시 용산구 압구정9길 262-21,승민이김아파트,043-561-2730,ojin@example.com
이명자,46370,경상북도 양주시 양재천4로 29 (도현김리),준서장임빌라 다동 328호,018-992-4357,ncoe@example.org
장상현,37610,인천광역시 구로구 강남대1가 665 (현주김손마을),수민이타워,031-294-2963,eunjeonggim@example.com
박승현,83899,세종특별자치시 강북구 양재천가 153-54 (영숙김김면),현준박마을 975호,010-9179-3857,yunjeongsu@example.com
김은주,67131,경기도 과천시 영동대길 477-44 (은정박김읍),은경이빌라 573호,053-134-3722,minseog87@example.com
김도윤,52114,경기도 성남시 삼성길 455-20,은영최타워 601호,052-666-2196,seoyeongim@example.org
이민석,27612,강원도 원주시 학동가 지하913,성진강손빌라,041-270-6385,gimseoyeon@example.net
김정남,70635,인천광역시 송파구 언주길 347 (예지심면),성민김연립 931호,02-3560-9932,juweon85@example.org
윤성수,40192,울산광역시 종로구 가락길 449-4 (상훈김박읍),종수손연립 23동 189호,011-868-8117,rgim@example.com
이서준,84908,인천광역시 동구 학동389가 704-74,서영김박아파트,043-966-3022,sgim@example.com
권옥순,25279,충청남도 안양시 동안구 잠실로 608-70,현우김박연립 075호,019-679-9897,junhoi@example.org
이경희,98622,제주특별자치도 양평군 오금68가 648-47 (영길이김리),지현김장아파트 Z동 803호,062-004-3688,baeeunju@example.net
이선영,12414,경기도 고양시 잠실가 249-44 (현주김동),지혜이김타운 351호,062-500-1628,yeongsig36@example.net
이영일,30767,경기도 청주시 서원구 반포대6거리 900-25,현정박이마을 O동 244호,055-765-7658,munjeonghun@example.org
윤혜진,26331,부산광역시 은평구 봉은사길 567-29,경희강박타운 바동 014호,017-016-7432,qi@example.com
이준서,66783,세종특별자치시 강동구 영동대가 69,현숙이이타운,017-845-2274,gimjiyeon@example.com
이지혜,53441,울산광역시 강남구 언주가 927,지민강빌라,041-466-3836,sanghyeonha@example.net
이경숙,05396,부산광역시 동대문구 학동가 134,은영양연립,02-9040-7741,njang@example.net
박지현,45820,충청남도 계룡시 삼성574가 828-77,지민김차아파트 192호,019-124-3662,donghyeongang@example.com
한민서,91264,부산광역시 남구 양재천1거리 907 (지연김동),예진박허빌라 963호,041-141-9904,jeongho90@example.net
김서준,63818,강원도 청주시 서원구 가락5거리 266-19 (영환오리),우진김타워,064-725-5195,haeunseo@example.org
류영일,71717,부산광역시 관악구 봉은사428가 185-97 (영숙노김동),준혁김곽연립 665호,041-622-8560,bagdonghyeon@example.com
오예준,95316,전라북도 부천시 오정구 양재천거리 531,숙자김이마을 447호,064-702-1553,hyejingim@example.com
김서윤,86750,충청남도 보은군 오금길 38-38 (은정김마을),현우김이아파트 나동 685호,018-500-5679,sanghuni@example.net
이영숙,14929,전라남도 동두천시 논현길 지하7,승현김타워 989호,041-651-9765,nbag@example.org
김도윤,64490,충청남도 여주시 도산대로 115 (성민고엄동),지원윤마을,052-740-8405,sangceoli@example.net
배민서,74814,충청북도 용인시 처인구 서초대거리 676-32,종수윤김아파트,054-313-6330,jongsuca@example.net
이경수,48182,경기도 인제군 강남대34로 128 (순자양마을),예지안빌라 H동 877호,016-190-2060,baghyeonjeong@example.com
박광수,96434,세종특별자치시 중랑구 봉은사320거리 841 (현정박리),서영최이마을,041-449-2943,obag@example.net
주하윤,88430,부산광역시 마포구 봉은사5길 539,종수이이타워 568호,063-689-7360,imseonghyeon@example.org
류민석,26501,광주광역시 종로구 선릉가 지하944 (영자윤배읍),시우김타운,052-338-3695,jgang@example.org
이미숙,12451,경상남도 안양시 만안구 선릉3길 34,경수김타워 바동 251호,052-884-2173,eunjeong29@example.net
류명자,44464,광주광역시 강북구 언주18가 736 (옥순민전동),민수손마을 999호,043-689-4855,rgim@example.com
김예원,10447,충청남도 부여군 백제고분266가 774 (수민조박리),미정박아파트 936호,031-866-0368,mijeong42@example.org
이하윤,43290,전라북도 김포시 양재천957가 782,은주주황마을 816호,017-789-7176,hyeonji73@example.net
한성현,09136,충청남도 청주시 서원구 압구정가 659,지원이타운 S동 696호,031-056-5816,coeeunju@example.net
홍광수,42255,충청북도 속초시 양재천로 780,수빈류아파트 W동 554호,051-400-5660,jia47@example.com
김진호,93690,전라남도 양구군 서초중앙길 676-16 (재현권엄동),재호이아파트 857호,044-972-3600,jieun29@example.org
차민준,70732,서울특별시 양천구 언주로 237-97,영수장송연립,053-514-4256,ihyeonjeong@example.com
김은정,85722,대전광역시 중랑구 백제고분9가 284-12 (성민최마을),정훈이빌라 645호,031-450-5696,ugang@example.org
이현준,93437,대구광역시 서대문구 석촌호수536거리 460 (예은김리),수빈김빌라 Q동 568호,053-465-4884,myeongsug44@example.com
홍성수,66269,충청남도 성남시 서초중앙길 909-20,경희백김타워 T동 251호,032-910-9436,igim@example.com
김준호,20414,광주광역시 구로구 백제고분67길 200 (하은엄읍),민지김이마을 046호,054-515-2286,yeongsu67@example.com
황경희,82951,경상남도 평창군 석촌호수가 911,주원이아파트,054-357-0719,juweongim@example.net
박상훈,83380,대구광역시 서초구 영동대로 544,영진이김아파트 907호,062-186-1656,munjaehyeon@example.com
한성현,54023,전라남도 부천시 오정구 봉은사3가 63-97,상훈최연립 D동 137호,042-419-8770,ccoe@example.net
김지훈,92057,세종특별자치시 송파구 선릉거리 511-39,영숙김김연립,041-317-5486,gseo@example.org
장승현,43790,강원도 부여군 양재천41거리 65 (서윤조홍리),서영주빌라 117호,042-597-0143,sunja19@example.net
김지민,10848,경기도 구리시 도산대1로 415 (정남이박마을),진호김빌라 H동 377호,055-389-0919,jeonghun47@example.org
김영길,18701,대구광역시 은평구 백제고분가 지하105 (미숙이김마을),영일김연립,063-599-0872,hanjihyeon@example.org
양지혜,43886,광주광역시 영등포구 개포가 201 (영희장김면),정호송이마을 164호,062-699-7845,jiyeon51@example.net
박정숙,74197,강원도 청양군 영동대47가 지하631,상호윤이빌라,063-727-9693,jiyeeun@example.org
차은정,57173,경상남도 안양시 만안구 석촌호수7로 745 (영호주동),윤서이이연립 783호,044-777-6450,jaeho80@example.net
박미경,67243,서울특별시 도봉구 학동가 256-8,도현김마을 T동 167호,02-7507-1186,gyeongsugbae@example.org
이정호,45464,제주특별자치도 성남시 잠실가 136-21,영수김연립 W동 794호,064-769-1651,ggim@example.com
문동현,76247,서울특별시 관악구 선릉길 21-29 (지민윤리),진호고권타워,043-508-2087,lgim@example.com
이예진,13862,서울특별시 은평구 삼성951로 633,상현송아파트,062-644-8138,gyeongjagim@example.com
손지훈,86588,충청북도 성남시 분당구 석촌호수564로 964-43 (시우김오리),춘자김류연립 679호,061-015-2613,borambag@example.net
김서윤,67615,울산광역시 동작구 학동길 830 (도현강면),준호안타워 K동 724호,019-807-7025,hyeonjeongi@example.com
박현숙,02802,경상북도 성남시 영동대379로 651-99,승민박마을 006호,061-277-1788,gimyejin@example.com
김서윤,40254,세종특별자치시 동구 압구정56가 649,예진황김타운,010-9214-3461,hgim@example.com
황미경,51015,경상북도 공주시 학동로 345-38,성호김타워,054-743-7370,hyeonji33@example.net
최경희,84718,제주특별자치도 양구군 언주7길 635,예진김최연립 바동 144호,054-380-6628,jeongyeonghyi@example.com
최지훈,16971,서울특별시 양천구 선릉613길 597-77,지혜이마을,011-589-9086,jihu33@example.com
차미숙,32631,경기도 용인시 처인구 언주로 823 (재현황마을),하윤이서타워,041-619-7265,hyeonjunjang@example.com
박현주,01471,인천광역시 강동구 압구정56거리 432-55,종수신타워 P동 970호,063-229-9880,ogim@example.net
양수빈,09358,세종특별자치시 중구 양재천239로 629-84,정순이김빌라 567호,019-709-8808,jangeunji@example.com
김주원,06932,강원도 구리시 강남대983가 777 (영철문장동),주원김박아파트 911호,051-053-1376,byeongceolcoe@example.com
문영자,13300,경기도 충주시 반포대로 지하16 (예은이리),민지구아파트 182호,070-7774-7265,jangjiyeong@example.com
권주원,45517,인천광역시 중랑구 봉은사15로 487-83,현준최허타워,016-150-1748,dgim@example.org
김은주,78058,인천광역시 서구 백제고분거리 43-70 (영진박김마을),하윤유아파트 177호,051-720-4207,ybag@example.net
유순자,53778,대구광역시 서구 논현거리 553-1,현우이권타운,033-081-3534,gimeunjeong@example.net
박영미,89208,충청북도 청주시 상당구 영동대거리 302-73,윤서장마을,061-553-5060,ucoe@example.org
장지영,20932,울산광역시 광진구 오금032거리 252-17 (영진임리),준혁이이연립 F동 509호,02-3187-6176,yeonghwan51@example.org
고지현,92852,부산광역시 송파구 서초대로 43-26 (정웅이이리),서연차손타워 마동 403호,061-741-4506,eunjii@example.net
한지민,02288,경기도 금산군 선릉가 97 (경희김읍),현지김타워,016-795-6273,jiu63@example.net
이시우,01098,경상남도 계룡시 잠실2로 지하151,유진장빌라 331호,033-632-1030,kgim@example.net
류정순,87612,경상남도 의왕시 가락길 470-27,현정이아파트 O동 483호,053-209-4306,yunseo31@example.com
김수민,99710,광주광역시 강동구 반포대가 463 (미정권고마을),진우김연립 950호,010-2202-1703,sgim@example.com
서정훈,58356,경상남도 단양군 반포대길 468-37,명자장문아파트,041-667-8923,areum18@example.com
윤순옥,60864,대전광역시 광진구 영동대77로 675 (상호최리),지후김윤연립,053-938-4245,gimdohyeon@example.net
김지훈,80593,강원도 양주시 학동가 946,서영김박타워 912호,042-296-9843,ijihyeon@example.net
김영순,13270,경상남도 서산시 백제고분길 지하581 (지영권동),정순이김아파트 861호,011-905-8097,seoyujin@example.net
김영호,66786,세종특별자치시 성북구 역삼가 593-12 (지우김면),하윤김윤마을 R동 256호,033-990-0664,junho78@example.net
최병철,97633,울산광역시 동구 영동대4로 744,영식박박빌라 L동 510호,062-586-4454,yeonghyii@example.net
김서영,51721,광주광역시 중구 테헤란22로 915 (미경박마을),준영이박아파트 가동 207호,062-560-2652,ahan@example.com
서주원,71527,전라남도 수원시 장안구 석촌호수39로 215 (예진최우마을),명숙성연립 050호,052-865-0323,lgweon@example.org
이정식,11861,경상북도 속초시 영동대28길 지하505,지민문최빌라 가동 559호,051-189-0141,jeonjaehyeon@example.net
구지우,11816,대전광역시 노원구 강남대5길 813,순옥김최빌라 163호,017-997-7697,myeongsug16@example.org
김성호,36897,충청북도 계룡시 강남대964거리 703 (우진김박읍),준영김김연립 874호,011-587-1039,baghayun@example.org
이영자,59341,세종특별자치시 중구 논현거리 42-17 (성현한마을),현주김안빌라 260호,043-607-4095,siugim@example.com
이지원,16916,서울특별시 종로구 석촌호수84거리 578 (예지이동),보람김이연립,031-886-5240,coeseonyeong@example.org
황지아,90673,부산광역시 남구 백제고분388길 799 (현지김장마을),지연박연립 H동 405호,044-690-2006,songjinu@example.org
차지훈,91643,대전광역시 동대문구 논현로 520-46,지훈홍고마을 U동 320호,052-818-7899,junyeongnam@example.net
김현지,22240,전라남도 서천군 선릉거리 859 (순옥김박마을),서영박장타운 W동 457호,016-152-8473,lyang@example.net
이정희,90569,경상북도 공주시 압구정가 지하124 (성진이김동),상철백김타워 139호,063-158-3622,gimhyeonju@example.com
배아름,85099,강원도 괴산군 삼성6가 743,광수이빌라,031-099-9279,fnam@example.com
서상현,97152,인천광역시 송파구 언주거리 633-88 (준호강마을),도윤문연립 402호,064-751-1188,jangmisug@example.org
김영순,08825,전라남도 안양시 도산대96길 873-36 (보람김읍),영길고타워 706호,031-607-2709,jiyeonhwang@example.org
이정희,45492,경기도 홍성군 개포가 914,승민이타워 Q동 125호,051-793-5340,lan@example.org
서미경,55239,서울특별시 북구 오금889로 588-52,상호홍이타워 나동 804호,051-915-4284,heohayun@example.net
이성진,90485,울산광역시 북구 반포대길 645-55,채원이이타운,070-9821-4403,coejunho@example.net
윤예원,23202,경기도 고양시 개포로 719 (지현한리),하은박김빌라 720호,055-918-0609,minseoyun@example.com
문숙자,77248,세종특별자치시 강서구 테헤란길 474-97,영일김이연립 332호,053-093-6955,seojun27@example.net
이민수,53747,경상북도 시흥시 테헤란949길 243,도윤전타운 138동 024호,051-729-6088,junhyeog78@example.org
오정순,32391,경상남도 포천시 강남대거리 132,경수김이타운 045호,041-032-8326,ogja11@example.com
한지연,46237,서울특별시 용산구 서초중앙길 445,옥자최박타워 218호,019-351-0681,ieunju@example.com
이미영,28445,세종특별자치시 강동구 논현085로 지하256,예원김황빌라,054-702-6629,gimdoyun@example.com
이순자,00487,경상남도 성남시 분당구 도산대거리 553-88 (승민강박읍),옥자문전아파트 632호,064-746-0840,eunjigweon@example.net
황영환,84423,전라남도 연천군 서초대거리 지하458 (유진한마을),지연권이연립 A동 086호,052-507-1749,yejunsin@example.com
김성진,57321,세종특별자치시 구로구 언주9로 988 (영희문동),정수박박아파트,017-034-9199,ijiu@example.net
김순자,85912,전라북도 충주시 학동284길 401,영수박아파트,052-183-7991,areum33@example.org
윤미경,71108,대구광역시 동작구 도산대856거리 431 (은서김동),서연김연립,033-959-5800,ghan@example.net
박준호,95318,부산광역시 은평구 선릉가 382-30 (숙자권김동),도현이타워 847호,02-1008-6483,hyeonjeonggo@example.net
엄정숙,70428,경상남도 성남시 분당구 압구정172거리 203 (준호한동),현지권타워 바동 720호,041-911-3449,pbag@example.net
박준혁,05506,인천광역시 강북구 서초대로 599-15 (지민최김리),재현김마을 291호,042-308-5478,vji@example.com
송현우,59505,경상남도 안양시 개포로 902-34,예준최마을,011-047-5887,seoyeon34@example.org
장동현,31698,대구광역시 중구 도산대80거리 948-1 (서영임허면),성수김연립 W동 192호,042-578-8329,sujin80@example.org
고지은,28170,부산광역시 노원구 오금938로 522 (성호이김읍),영미백한마을,052-847-7418,jim@example.net
이영미,80249,제주특별자치도 안성시 역삼가 405 (정호김면),동현김타운,010-1696-9568,yeongsungim@example.com
김영식,48549,부산광역시 영등포구 논현로 337-89 (상호김한마을),영식박최타운,031-558-3276,hi@example.net
이지훈,55843,전라북도 청주시 청원구 양재천9길 197 (현숙이김리),예원김이연립 I동 713호,031-345-8536,dgim@example.org
오성진,60559,제주특별자치도 화성시 논현거리 651-94,경수박이빌라 나동 953호,042-930-0728,sanghun63@example.com
강진우,94767,부산광역시 강북구 강남대01길 416-19 (성민이동),주원오타워 C동 507호,053-432-8744,seojunjeong@example.org
이현지,70526,울산광역시 서구 반포대길 532,성현박권연립 59동 740호,043-407-4621,coeseongsu@example.com
서정희,27531,울산광역시 구로구 테헤란527로 829,순자박김빌라,042-287-8371,jiyeong28@example.com
박지연,45755,광주광역시 남구 강남대337로 589 (하은백면),민재정강타운,031-485-7584,ihaeun@example.org
강성호,16173,경상남도 청주시 흥덕구 언주가 488 (성호이리),동현송윤타워 478호,064-721-7457,jieungim@example.net
김선영,63215,경기도 보령시 삼성로 지하971 (정수박리),지원유타워 Q동 199호,053-228-8856,hyeonjun56@example.net
장지영,02193,전라남도 천안시 동남구 봉은사가 798-74,민수김타운 X동 213호,053-438-8579,zgim@example.net
김지아,71183,경기도 수원시 가락길 901,성훈한아파트 760호,053-540-0256,anhyeonju@example.org
김준서,60365,경상북도 성남시 분당구 강남대837길 901,상호김연립,016-207-5635,sugja31@example.net
이은지,25471,울산광역시 성동구 강남대길 826-59 (은지이황동),지아서김타운 I동 123호,055-661-3419,jeongsugi@example.net
김재호,60335,경상북도 안양시 오금5길 107,하윤송마을 가동 326호,044-997-1240,caeweon63@example.net
김영철,80070,대전광역시 서구 삼성982길 825,지연박타운 R동 696호,011-974-5287,cno@example.com
박재현,38520,서울특별시 강동구 강남대거리 970-44,정훈홍한빌라 223호,042-429-5970,bagminseog@example.net
문현지,11709,충청남도 용인시 처인구 백제고분8가 지하682,성훈김이타워 401호,052-989-7393,sonjongsu@example.net
문도윤,47592,강원도 수원시 권선구 오금86길 657-77,종수김김연립 S동 021호,055-433-1721,lgo@example.net
권경숙,44937,인천광역시 은평구 언주거리 지하578 (진호정김읍),영일이김마을 840호,063-841-0075,jiugim@example.net
최서연,98072,전라남도 청주시 흥덕구 서초중앙74길 380 (수민류김마을),현정김빌라 473호,043-863-8992,jeonghoryu@example.org
이예지,07811,광주광역시 강남구 잠실3가 545 (경숙장면),미경이최빌라 498호,070-9034-6194,hyeonsug37@example.com
오건우,98260,부산광역시 남구 잠실로 674,수빈김박타워,032-426-8468,hanjihyeon@example.org
김지은,88243,세종특별자치시 서대문구 봉은사길 896 (미숙류마을),예은서이빌라,064-767-0747,junhyeogjang@example.org
배현지,38015,전라북도 김포시 가락6거리 175,주원윤서빌라,062-725-7089,hyeonjiu@example.net
문옥자,42882,세종특별자치시 광진구 개포37로 232-69 (예원권면),서윤김빌라,042-805-6503,hyeonsug15@example.org
김재현,63450,인천광역시 강서구 오금로 234-23,예은양타운 221호,054-475-3048,rgim@example.net
김상호,62417,광주광역시 광진구 역삼길 908-95,영호양빌라 745호,017-738-0977,yangeungyeong@example.com
구순옥,15762,대구광역시 종로구 테헤란로 747-42,준혁박빌라,043-845-9513,boramhan@example.org
오아름,80572,경상남도 광주시 영동대가 520-52 (은서박동),시우이서아파트 가동 017호,017-629-5187,simhayun@example.net
이영자,54575,경상남도 태안군 논현가 지하818 (영순서최리),순옥김박마을 815호,041-803-8066,isanghyeon@example.org
강미정,88200,서울특별시 양천구 언주9가 886-90 (현숙이동),수민강연립 V동 259호,011-452-0960,myeongja39@example.net
김상현,49700,전라북도 동두천시 영동대8로 200-88,순옥김권아파트 003호,051-896-9838,jinugim@example.net
나영일,64480,울산광역시 마포구 도산대198길 지하489,현숙박타워 827호,043-737-6100,bagyeeun@example.net
고현숙,49697,대전광역시 마포구 오금95가 21-98,지은강최타운 206호,033-645-7965,hyejinbag@example.com
김정훈,18779,대전광역시 종로구 압구정354길 704-39,은주이이타워 A동 903호,052-367-0220,icoe@example.com
김아름,72653,서울특별시 금천구 언주가 945 (영일나김리),상호서연립,070-3360-1574,coehyeonji@example.org
박동현,62776,서울특별시 동작구 삼성거리 224-45,지우강연립,063-266-3408,yeonghwangang@example.net
최수빈,73335,충청북도 음성군 반포대333길 551,미정이김타워 마동 065호,044-060-0432,hyeonjun44@example.com
박지후,93354,부산광역시 관악구 가락34길 지하9 (은주조동),현우노유타워,02-8592-0645,isugja@example.org
진준혁,08689,경상북도 동해시 언주로 76 (민석이박면),성진정빌라 105호,010-6704-0069,goyujin@example.org
강수민,44459,강원도 고양시 덕양구 언주29길 126-62 (지민송면),경자박타운 Y동 395호,041-047-3699,gimjihyeon@example.org
이은서,56293,경상남도 고성군 오금495가 727 (민석문노읍),승민김우마을 158호,02-9958-6946,yyun@example.org
김현정,57741,강원도 남양주시 도산대24거리 472-17,민재이나빌라,055-039-0601,yeweon14@example.org
장은지,65829,전라북도 계룡시 선릉길 209-82 (지후전민면),예지이지타운 163호,031-772-4088,jihu69@example.org
심아름,00827,대전광역시 노원구 석촌호수09가 98 (정자김동),윤서김송타워 734호,062-779-8885,bagjeongung@example.com
안정훈,54156,충청남도 청양군 언주로 344,서윤박우마을 Z동 385호,070-5681-3070,xhan@example.com
김진호,39000,인천광역시 서대문구 오금88거리 509 (중수홍리),순자김타운,062-596-5167,gimjunseo@example.org
홍정남,91300,대전광역시 도봉구 삼성900거리 574,미영박연립 015호,054-268-4002,seongsui@example.com
송은영,90752,충청남도 수원시 역삼로 595 (지민송최동),정웅류이타운 C동 382호,063-306-6480,yejunhong@example.org
오지은,17722,울산광역시 강서구 선릉가 942,정순이타워,031-092-9720,tgim@example.com
임상호,49052,충청남도 안양시 만안구 잠실832가 758 (재현김한리),현우이연립 617호,070-1328-6153,yeonghwan90@example.com
곽현준,53555,경상남도 청주시 흥덕구 양재천로 459 (지은김동),현숙김이아파트 마동 020호,018-722-1135,yejun36@example.org
오민재,42792,충청남도 계룡시 오금4가 9 (영환곽강읍),정남김최빌라 Z동 505호,055-550-8376,anmiyeong@example.net
이현준,27620,울산광역시 서구 언주5로 780,춘자허아파트,051-079-0708,jiagim@example.org
이은영,97523,강원도 과천시 가락09로 287,상훈이빌라,055-631-3864,vgo@example.org
김예은,40603,경상북도 천안시 동남구 도산대거리 255-88,민재박김타운 바동 796호,051-994-6062,ci@example.net
남병철,64352,충청남도 파주시 언주가 631 (민지김마을),미정장김마을 979호,070-2840-3548,seongmingim@example.net
최정순,20148,제주특별자치도 용인시 반포대길 873-95 (성호박박마을),서윤최아파트 102호,064-781-6029,eunyeong66@example.net
신유진,76961,제주특별자치도 고양시 덕양구 석촌호수가 347 (은정심김읍),서영이이마을 J동 109호,070-8239-5168,jaehoryu@example.com
이미영,24729,서울특별시 도봉구 삼성05길 941-30 (병철허구동),지원박타워,042-702-0494,yeongil55@example.org
최상철,50838,대전광역시 서초구 양재천2로 566,은경김김마을,054-053-6415,sangceol87@example.net
박준혁,71424,충청남도 부천시 서초중앙길 574,영길고김아파트,051-302-2743,jeonghunbag@example.org
오은경,21295,인천광역시 관악구 역삼086거리 18-1,경숙김빌라 224호,042-818-5428,yejun26@example.com
노수민,71835,광주광역시 양천구 강남대길 194-30 (서준김동),진호장마을 170호,031-143-2659,gimjungsu@example.org
김경수,41586,전라남도 고양시 일산서구 압구정로 652-40 (혜진나홍리),현정김이빌라 T동 499호,042-564-4710,yeongceolseo@example.com
이예준,57412,경기도 남양주시 석촌호수577로 332 (지원이최면),옥순장김빌라 T동 502호,064-759-6954,bageunji@example.org
김성진,18959,제주특별자치도 강릉시 테헤란3거리 566-68 (광수강고동),영호오타운 188호,070-7992-1104,ibag@example.org
홍명자,11778,경상남도 용인시 서초중앙05가 290,준혁곽최연립,064-725-7627,hgim@example.com
김숙자,95717,서울특별시 광진구 논현로 719,유진최박아파트 C동 935호,053-837-3825,bagseongho@example.org
김예지,30290,울산광역시 서구 잠실3로 181-98,영식황타워 621호,019-230-4177,iyujin@example.com
배정희,78124,충청남도 청양군 삼성839로 433-10 (옥순한곽동),미정김김마을 263호,018-371-2701,migyeonggim@example.net
이건우,86582,울산광역시 강서구 반포대가 지하352 (윤서이동),은서허아파트 469호,031-105-1915,yunseo78@example.com
이정수,21607,부산광역시 서초구 잠실가 12,영철안빌라 236호,032-741-1910,seungmin82@example.org
최정자,15246,전라남도 포천시 서초중앙길 330-84 (하은김양동),재현황이타워 74동 104호,032-768-3004,nbag@example.org
송상훈,32600,전라북도 고성군 학동281길 264,영환이홍아파트 라동 179호,052-820-8172,gimgwangsu@example.org
박정훈,81914,경상북도 용인시 기흥구 압구정328로 532 (현준최박마을),지연이이연립 116호,017-562-8497,baecaeweon@example.org
이성현,19524,부산광역시 광진구 반포대거리 지하66 (옥자강서읍),보람류이연립,044-388-3654,yeongsu14@example.net
강병철,70314,전라남도 천안시 서북구 도산대643거리 지하410,영자황연립,043-710-5072,gangjaeho@example.net
이경자,43458,경상남도 양평군 가락로 954-37,민지박타워,055-378-7730,seonghun09@example.org
이은경,96406,경상남도 홍천군 개포479길 538 (성호류강리),건우김아파트 440호,043-361-2314,jeongnamgim@example.org
이지현,82218,서울특별시 관악구 서초대78가 98 (지아오면),은서김김아파트,061-012-3944,sanghunryu@example.com
강채원,36135,광주광역시 강서구 도산대거리 348 (옥자문김동),지혜김민타워 P동 689호,017-947-4633,geonu12@example.org
차현우,63316,대전광역시 도봉구 영동대거리 122 (준영김리),영수최타운,031-404-3430,yeongsig62@example.net
이진호,83624,서울특별시 강서구 가락78로 971-81 (재현박김마을),윤서윤마을,062-601-7499,hyeonjibag@example.org
